log_date,trip_name,dest,days_to_depart,status,offers_any,offers_nonstop,min_price_any,min_flights_any,min_price_nonstop,min_flights_nonstop,unpriced,note,log_ts_utc
2026-08-05,XMAS-2026,TYO,137,OK,22,22,4379,UO628,4379,UO628,4,,2026-08-05 07:07:55
2026-08-05,XMAS-2026,SDJ,137,OK,1,1,6299,UO890,6299,UO890,0,,2026-08-05 07:07:55
2026-08-05,XMAS-2026,CTS,137,OK,8,5,7226,HB2886,7226,HB2886,4,1 offers dropped by whitelist,2026-08-05 07:07:55
2026-08-05,XMAS-2026,AKJ,137,NO_RESULT,0,0,,,,,0,,2026-08-05 07:07:55
2026-08-05,XMAS-2026,HKD,137,NO_RESULT,0,0,,,,,0,,2026-08-05 07:07:55
2026-08-05,CNY-2027-before,TYO,178,OK,22,22,3249,UO646,3249,UO646,4,,2026-08-05 07:07:55
2026-08-05,CNY-2027-before,SDJ,178,OK,1,1,4099,UO890,4099,UO890,0,,2026-08-05 07:07:55
2026-08-05,CNY-2027-before,CTS,178,OK,9,4,5206,HB880,5206,HB880,4,3 offers dropped by whitelist,2026-08-05 07:07:55
2026-08-05,CNY-2027-before,AKJ,178,NO_RESULT,0,0,,,,,0,,2026-08-05 07:07:55
2026-08-05,CNY-2027-before,HKD,178,OK,7,0,5289,NH814>NH553,,,0,2 offers dropped by whitelist,2026-08-05 07:07:55
2026-08-05,CNY-2027-after,TYO,185,OK,22,22,5349,UO624,5349,UO624,4,,2026-08-05 07:07:55
2026-08-05,CNY-2027-after,SDJ,185,OK,1,1,9089,UO890,9089,UO890,0,,2026-08-05 07:07:55
2026-08-05,CNY-2027-after,CTS,185,OK,9,4,9205,JL26>JL501,13086,HB880,4,1 offers dropped by whitelist,2026-08-05 07:07:55
2026-08-05,CNY-2027-after,AKJ,185,NO_RESULT,0,0,,,,,0,,2026-08-05 07:07:55
2026-08-05,CNY-2027-after,HKD,185,OK,9,0,9211,JL26>JL585,,,0,2 offers dropped by whitelist,2026-08-05 07:07:55
2026-08-06,XMAS-2026,TYO,136,OK,22,22,4379,UO628,4379,UO628,4,,2026-08-06 00:07:33
2026-08-06,XMAS-2026,SDJ,136,OK,1,1,4849,UO890,4849,UO890,0,,2026-08-06 00:07:33
2026-08-06,XMAS-2026,CTS,136,OK,8,5,7226,HB2886,7226,HB2886,4,2 offers dropped by whitelist,2026-08-06 00:07:33
2026-08-06,XMAS-2026,AKJ,136,NO_RESULT,0,0,,,,,0,,2026-08-06 00:07:33
2026-08-06,XMAS-2026,HKD,136,NO_RESULT,0,0,,,,,0,,2026-08-06 00:07:33
2026-08-06,CNY-2027-before,TYO,177,OK,22,22,3249,UO646,3249,UO646,4,,2026-08-06 00:07:33
2026-08-06,CNY-2027-before,SDJ,177,OK,1,1,4099,UO890,4099,UO890,0,,2026-08-06 00:07:33
2026-08-06,CNY-2027-before,CTS,177,OK,7,4,5206,HB880,5206,HB880,4,2 offers dropped by whitelist,2026-08-06 00:07:33
2026-08-06,CNY-2027-before,AKJ,177,NO_RESULT,0,0,,,,,0,,2026-08-06 00:07:33
2026-08-06,CNY-2027-before,HKD,177,OK,7,0,5288,NH814>NH553,,,0,2 offers dropped by whitelist,2026-08-06 00:07:33
2026-08-06,CNY-2027-after,TYO,184,OK,22,22,5349,UO624,5349,UO624,4,,2026-08-06 00:07:33
2026-08-06,CNY-2027-after,SDJ,184,OK,1,1,9089,UO890,9089,UO890,0,,2026-08-06 00:07:33
2026-08-06,CNY-2027-after,CTS,184,OK,9,4,9162,NH860>NH53,13086,HB880,4,2 offers dropped by whitelist,2026-08-06 00:07:33
2026-08-06,CNY-2027-after,AKJ,184,NO_RESULT,0,0,,,,,0,,2026-08-06 00:07:33
2026-08-06,CNY-2027-after,HKD,184,OK,8,0,9210,JL26>JL585,,,0,3 offers dropped by whitelist,2026-08-06 00:07:33
2026-08-07,XMAS-2026,TYO,135,OK,22,22,4379,UO628,4379,UO628,4,,2026-08-07 00:42:33
2026-08-07,XMAS-2026,SDJ,135,OK,1,1,5099,UO890,5099,UO890,0,,2026-08-07 00:42:33
2026-08-07,XMAS-2026,CTS,135,OK,8,5,8116,HB2886,8116,HB2886,4,1 offers dropped by whitelist,2026-08-07 00:42:33
2026-08-07,XMAS-2026,AKJ,135,NO_RESULT,0,0,,,,,0,,2026-08-07 00:42:33
2026-08-07,XMAS-2026,HKD,135,NO_RESULT,0,0,,,,,0,,2026-08-07 00:42:33
2026-08-07,CNY-2027-before,TYO,176,OK,22,22,3249,UO646,3249,UO646,4,,2026-08-07 00:42:33
2026-08-07,CNY-2027-before,SDJ,176,OK,1,1,4099,UO890,4099,UO890,0,,2026-08-07 00:42:33
2026-08-07,CNY-2027-before,CTS,176,OK,10,4,4482,NH860>NH987,5206,HB880,4,1 offers dropped by whitelist,2026-08-07 00:42:33
2026-08-07,CNY-2027-before,AKJ,176,NO_RESULT,0,0,,,,,0,,2026-08-07 00:42:33
2026-08-07,CNY-2027-before,HKD,176,OK,7,0,5288,NH814>NH553,,,0,2 offers dropped by whitelist,2026-08-07 00:42:33
2026-08-07,CNY-2027-after,TYO,183,OK,22,22,5349,UO624,5349,UO624,4,,2026-08-07 00:42:33
2026-08-07,CNY-2027-after,SDJ,183,OK,1,1,9089,UO890,9089,UO890,0,,2026-08-07 00:42:33
2026-08-07,CNY-2027-after,CTS,183,OK,8,4,9204,JL26>JL501,13086,HB880,4,3 offers dropped by whitelist,2026-08-07 00:42:33
2026-08-07,CNY-2027-after,AKJ,183,NO_RESULT,0,0,,,,,0,,2026-08-07 00:42:33
2026-08-07,CNY-2027-after,HKD,183,OK,7,0,9168,NH860>NH553,,,0,3 offers dropped by whitelist,2026-08-07 00:42:33
2026-08-08,XMAS-2026,TYO,134,OK,22,22,4579,UO628,4579,UO628,4,,2026-08-07 22:58:16
2026-08-08,XMAS-2026,SDJ,134,OK,1,1,5499,UO890,5499,UO890,0,,2026-08-07 22:58:16
2026-08-08,XMAS-2026,CTS,134,OK,8,5,8114,HB2886,8114,HB2886,4,1 offers dropped by whitelist,2026-08-07 22:58:16
2026-08-08,XMAS-2026,AKJ,134,NO_RESULT,0,0,,,,,0,,2026-08-07 22:58:16
2026-08-08,XMAS-2026,HKD,134,NO_RESULT,0,0,,,,,0,,2026-08-07 22:58:16
2026-08-08,CNY-2027-before,TYO,175,OK,22,22,3249,UO646,3249,UO646,4,,2026-08-07 22:58:16
2026-08-08,CNY-2027-before,SDJ,175,OK,1,1,4099,UO890,4099,UO890,0,,2026-08-07 22:58:16
2026-08-08,CNY-2027-before,CTS,175,OK,9,4,4481,NH860>NH55,5204,HB880,4,3 offers dropped by whitelist,2026-08-07 22:58:16
2026-08-08,CNY-2027-before,AKJ,175,NO_RESULT,0,0,,,,,0,,2026-08-07 22:58:16
2026-08-08,CNY-2027-before,HKD,175,OK,7,0,4487,NH860>NH553,,,0,2 offers dropped by whitelist,2026-08-07 22:58:16
2026-08-08,CNY-2027-after,TYO,182,OK,22,22,5349,UO624,5349,UO624,4,,2026-08-07 22:58:16
2026-08-08,CNY-2027-after,SDJ,182,OK,1,1,9089,UO890,9089,UO890,0,,2026-08-07 22:58:16
2026-08-08,CNY-2027-after,CTS,182,OK,9,4,9203,JL26>JL501,13084,HB880,4,2 offers dropped by whitelist,2026-08-07 22:58:16
2026-08-08,CNY-2027-after,AKJ,182,NO_RESULT,0,0,,,,,0,,2026-08-07 22:58:16
2026-08-08,CNY-2027-after,HKD,182,OK,7,0,9167,NH860>NH553,,,0,3 offers dropped by whitelist,2026-08-07 22:58:16
2026-08-09,XMAS-2026,TYO,133,ERROR,0,0,,,,,0,ParseShapeError: Google returned an error page,2026-08-08 22:51:03
2026-08-09,XMAS-2026,SDJ,133,OK,1,1,5249,UO890,5249,UO890,0,,2026-08-08 22:51:03
2026-08-09,XMAS-2026,CTS,133,OK,9,5,8114,HB2886,8114,HB2886,4,1 offers dropped by whitelist,2026-08-08 22:51:03
2026-08-09,XMAS-2026,AKJ,133,NO_RESULT,0,0,,,,,0,,2026-08-08 22:51:03
2026-08-09,XMAS-2026,HKD,133,NO_RESULT,0,0,,,,,0,,2026-08-08 22:51:03
2026-08-09,CNY-2027-before,TYO,174,OK,22,22,3249,UO848,3249,UO848,4,,2026-08-08 22:51:03
2026-08-09,CNY-2027-before,SDJ,174,OK,1,1,3319,UO890,3319,UO890,0,,2026-08-08 22:51:03
2026-08-09,CNY-2027-before,CTS,174,OK,9,4,5204,HB880,5204,HB880,4,1 offers dropped by whitelist,2026-08-08 22:51:03
2026-08-09,CNY-2027-before,AKJ,174,NO_RESULT,0,0,,,,,0,,2026-08-08 22:51:03
2026-08-09,CNY-2027-before,HKD,174,OK,7,0,5287,NH814>NH553,,,0,2 offers dropped by whitelist,2026-08-08 22:51:03
2026-08-09,CNY-2027-after,TYO,181,OK,22,22,5179,UO646,5179,UO646,4,,2026-08-08 22:51:03
2026-08-09,CNY-2027-after,SDJ,181,OK,2,2,7739,UO890,7739,UO890,0,,2026-08-08 22:51:03
2026-08-09,CNY-2027-after,CTS,181,OK,9,4,8440,KE2006>KE769,14284,HB880,4,2 offers dropped by whitelist,2026-08-08 22:51:03
2026-08-09,CNY-2027-after,AKJ,181,NO_RESULT,0,0,,,,,0,,2026-08-08 22:51:03
2026-08-09,CNY-2027-after,HKD,181,OK,7,0,9087,NH860>NH553,,,0,2 offers dropped by whitelist,2026-08-08 22:51:03
2026-08-09,XMAS-2026,TYO,133,OK,22,22,4159,UO650,4159,UO650,4,,2026-08-09 03:09:40
2026-08-09,XMAS-2026,SDJ,133,OK,1,1,5249,UO890,5249,UO890,0,,2026-08-09 03:09:40
2026-08-09,XMAS-2026,CTS,133,OK,8,5,8114,HB2886,8114,HB2886,4,2 offers dropped by whitelist,2026-08-09 03:09:40
2026-08-09,XMAS-2026,AKJ,133,NO_RESULT,0,0,,,,,0,,2026-08-09 03:09:40
2026-08-09,XMAS-2026,HKD,133,NO_RESULT,0,0,,,,,0,,2026-08-09 03:09:40
2026-08-09,CNY-2027-before,TYO,174,OK,22,22,3249,UO848,3249,UO848,4,,2026-08-09 03:09:40
2026-08-09,CNY-2027-before,SDJ,174,OK,1,1,3319,UO890,3319,UO890,0,,2026-08-09 03:09:40
2026-08-09,CNY-2027-before,CTS,174,OK,8,4,5204,HB880,5204,HB880,4,1 offers dropped by whitelist,2026-08-09 03:09:40
2026-08-09,CNY-2027-before,AKJ,174,NO_RESULT,0,0,,,,,0,,2026-08-09 03:09:40
2026-08-09,CNY-2027-before,HKD,174,OK,7,0,5287,NH814>NH553,,,0,2 offers dropped by whitelist,2026-08-09 03:09:40
2026-08-09,CNY-2027-after,TYO,181,OK,22,22,4779,UO650,4779,UO650,4,,2026-08-09 03:09:40
2026-08-09,CNY-2027-after,SDJ,181,OK,2,2,7739,UO890,7739,UO890,0,,2026-08-09 03:09:40
2026-08-09,CNY-2027-after,CTS,181,OK,8,4,8440,KE2006>KE769,14284,HB880,4,3 offers dropped by whitelist,2026-08-09 03:09:40
2026-08-09,CNY-2027-after,AKJ,181,NO_RESULT,0,0,,,,,0,,2026-08-09 03:09:40
2026-08-09,CNY-2027-after,HKD,181,OK,7,0,9087,NH860>NH553,,,0,2 offers dropped by whitelist,2026-08-09 03:09:40
2026-08-09,XMAS-2026,TYO,133,OK,22,22,4159,UO650,4159,UO650,4,,2026-08-09 05:26:08
2026-08-09,XMAS-2026,SDJ,133,OK,1,1,5249,UO890,5249,UO890,0,,2026-08-09 05:26:08
2026-08-09,XMAS-2026,CTS,133,OK,8,5,8114,HB2886,8114,HB2886,4,2 offers dropped by whitelist,2026-08-09 05:26:08
2026-08-09,XMAS-2026,AKJ,133,NO_RESULT,0,0,,,,,0,,2026-08-09 05:26:08
2026-08-09,XMAS-2026,HKD,133,NO_RESULT,0,0,,,,,0,,2026-08-09 05:26:08
2026-08-09,CNY-2027-before,TYO,174,OK,22,22,3249,UO848,3249,UO848,4,,2026-08-09 05:26:08
2026-08-09,CNY-2027-before,SDJ,174,OK,1,1,3319,UO890,3319,UO890,0,,2026-08-09 05:26:08
2026-08-09,CNY-2027-before,CTS,174,OK,10,4,5204,HB880,5204,HB880,4,1 offers dropped by whitelist,2026-08-09 05:26:08
2026-08-09,CNY-2027-before,AKJ,174,NO_RESULT,0,0,,,,,0,,2026-08-09 05:26:08
2026-08-09,CNY-2027-before,HKD,174,OK,7,0,5287,NH814>NH553,,,0,2 offers dropped by whitelist,2026-08-09 05:26:08
2026-08-09,CNY-2027-after,TYO,181,OK,22,22,4779,UO650,4779,UO650,4,,2026-08-09 05:26:08
2026-08-09,CNY-2027-after,SDJ,181,OK,1,1,7739,UO890,7739,UO890,0,,2026-08-09 05:26:08
2026-08-09,CNY-2027-after,CTS,181,OK,8,4,8440,KE2006>KE769,14284,HB880,4,3 offers dropped by whitelist,2026-08-09 05:26:08
2026-08-09,CNY-2027-after,AKJ,181,NO_RESULT,0,0,,,,,0,,2026-08-09 05:26:08
2026-08-09,CNY-2027-after,HKD,181,OK,10,0,9087,NH860>NH555,,,0,1 offers dropped by whitelist,2026-08-09 05:26:08
2026-08-10,XMAS-2026,TYO,132,OK,22,22,4159,UO652,4159,UO652,4,,2026-08-09 22:53:48
2026-08-10,XMAS-2026,SDJ,132,OK,1,1,5499,UO890,5499,UO890,0,,2026-08-09 22:53:48
2026-08-10,XMAS-2026,CTS,132,OK,8,5,8114,HB2886,8114,HB2886,4,2 offers dropped by whitelist,2026-08-09 22:53:48
2026-08-10,XMAS-2026,AKJ,132,NO_RESULT,0,0,,,,,0,,2026-08-09 22:53:48
2026-08-10,XMAS-2026,HKD,132,NO_RESULT,0,0,,,,,0,,2026-08-09 22:53:48
2026-08-10,CNY-2027-before,TYO,173,OK,22,22,3249,UO848,3249,UO848,4,,2026-08-09 22:53:48
2026-08-10,CNY-2027-before,SDJ,173,OK,1,1,3319,UO890,3319,UO890,0,,2026-08-09 22:53:48
2026-08-10,CNY-2027-before,CTS,173,OK,9,4,4481,NH860>NH55,5204,HB880,4,2 offers dropped by whitelist,2026-08-09 22:53:48
2026-08-10,CNY-2027-before,AKJ,173,NO_RESULT,0,0,,,,,0,,2026-08-09 22:53:48
2026-08-10,CNY-2027-before,HKD,173,OK,8,0,4487,NH860>NH553,,,0,2 offers dropped by whitelist,2026-08-09 22:53:48
2026-08-10,CNY-2027-after,TYO,180,OK,22,22,4779,UO650,4779,UO650,4,,2026-08-09 22:53:48
2026-08-10,CNY-2027-after,SDJ,180,OK,1,1,7739,UO890,7739,UO890,0,,2026-08-09 22:53:48
2026-08-10,CNY-2027-after,CTS,180,OK,9,4,8440,KE2006>KE769,14284,HB880,4,2 offers dropped by whitelist,2026-08-09 22:53:48
2026-08-10,CNY-2027-after,AKJ,180,NO_RESULT,0,0,,,,,0,,2026-08-09 22:53:48
2026-08-10,CNY-2027-after,HKD,180,OK,10,0,9087,NH860>NH555,,,0,1 offers dropped by whitelist,2026-08-09 22:53:48
2026-08-11,XMAS-2026,TYO,131,OK,22,22,4159,UO652,4159,UO652,4,,2026-08-10 22:59:34
2026-08-11,XMAS-2026,SDJ,131,OK,1,1,5499,UO890,5499,UO890,0,,2026-08-10 22:59:34
2026-08-11,XMAS-2026,CTS,131,OK,8,5,8116,HB2886,8116,HB2886,4,1 offers dropped by whitelist,2026-08-10 22:59:34
2026-08-11,XMAS-2026,AKJ,131,NO_RESULT,0,0,,,,,0,,2026-08-10 22:59:34
2026-08-11,XMAS-2026,HKD,131,NO_RESULT,0,0,,,,,0,,2026-08-10 22:59:34
2026-08-11,CNY-2027-before,TYO,172,OK,22,22,3249,UO848,3249,UO848,4,,2026-08-10 22:59:34
2026-08-11,CNY-2027-before,SDJ,172,OK,1,1,3319,UO890,3319,UO890,0,,2026-08-10 22:59:34
2026-08-11,CNY-2027-before,CTS,172,OK,10,4,5206,HB880,5206,HB880,4,,2026-08-10 22:59:34
2026-08-11,CNY-2027-before,AKJ,172,NO_RESULT,0,0,,,,,0,,2026-08-10 22:59:34
2026-08-11,CNY-2027-before,HKD,172,OK,8,0,5321,NH812>NH559,,,0,2 offers dropped by whitelist,2026-08-10 22:59:34
2026-08-11,CNY-2027-after,TYO,179,OK,22,22,4779,UO650,4779,UO650,4,,2026-08-10 22:59:34
2026-08-11,CNY-2027-after,SDJ,179,OK,1,1,7739,UO890,7739,UO890,0,,2026-08-10 22:59:34
2026-08-11,CNY-2027-after,CTS,179,OK,8,4,8442,KE2006>KE769,14286,HB880,4,2 offers dropped by whitelist,2026-08-10 22:59:34
2026-08-11,CNY-2027-after,AKJ,179,NO_RESULT,0,0,,,,,0,,2026-08-10 22:59:34
2026-08-11,CNY-2027-after,HKD,179,OK,7,0,9088,NH860>NH553,,,0,2 offers dropped by whitelist,2026-08-10 22:59:34
2026-08-12,XMAS-2026,TYO,130,OK,22,22,4409,UO652,4409,UO652,4,,2026-08-11 23:07:31
2026-08-12,XMAS-2026,SDJ,130,OK,1,1,5499,UO890,5499,UO890,0,,2026-08-11 23:07:31
2026-08-12,XMAS-2026,CTS,130,OK,8,5,8114,HB2886,8114,HB2886,4,2 offers dropped by whitelist,2026-08-11 23:07:31
2026-08-12,XMAS-2026,AKJ,130,NO_RESULT,0,0,,,,,0,,2026-08-11 23:07:31
2026-08-12,XMAS-2026,HKD,130,NO_RESULT,0,0,,,,,0,,2026-08-11 23:07:31
2026-08-12,CNY-2027-before,TYO,171,OK,22,22,3139,UO624,3139,UO624,4,,2026-08-11 23:07:31
2026-08-12,CNY-2027-before,SDJ,171,OK,1,1,3119,UO890,3119,UO890,0,,2026-08-11 23:07:31
2026-08-12,CNY-2027-before,CTS,171,OK,11,4,5204,HB880,5204,HB880,4,2 offers dropped by whitelist,2026-08-11 23:07:31
2026-08-12,CNY-2027-before,AKJ,171,NO_RESULT,0,0,,,,,0,,2026-08-11 23:07:31
2026-08-12,CNY-2027-before,HKD,171,OK,9,0,5286,NH812>NH559,,,0,2 offers dropped by whitelist,2026-08-11 23:07:31
2026-08-12,CNY-2027-after,TYO,178,OK,22,22,4779,UO650,4779,UO650,4,,2026-08-11 23:07:31
2026-08-12,CNY-2027-after,SDJ,178,OK,1,1,7289,UO890,7289,UO890,0,,2026-08-11 23:07:31
2026-08-12,CNY-2027-after,CTS,178,OK,9,4,7843,JL26>JL501,14284,HB880,4,2 offers dropped by whitelist,2026-08-11 23:07:31
2026-08-12,CNY-2027-after,AKJ,178,NO_RESULT,0,0,,,,,0,,2026-08-11 23:07:31
2026-08-12,CNY-2027-after,HKD,178,OK,7,0,9086,NH860>NH553,,,0,2 offers dropped by whitelist,2026-08-11 23:07:31
2026-08-13,XMAS-2026,TYO,129,OK,22,22,4409,UO652,4409,UO652,4,,2026-08-12 23:05:36
2026-08-13,XMAS-2026,SDJ,129,OK,1,1,5499,UO890,5499,UO890,0,,2026-08-12 23:05:36
2026-08-13,XMAS-2026,CTS,129,OK,8,5,8271,HB2886,8271,HB2886,4,1 offers dropped by whitelist,2026-08-12 23:05:36
2026-08-13,XMAS-2026,AKJ,129,NO_RESULT,0,0,,,,,0,,2026-08-12 23:05:36
2026-08-13,XMAS-2026,HKD,129,NO_RESULT,0,0,,,,,0,,2026-08-12 23:05:36
2026-08-13,CNY-2027-before,TYO,170,OK,22,22,3139,UO624,3139,UO624,4,,2026-08-12 23:05:36
2026-08-13,CNY-2027-before,SDJ,170,OK,1,1,3319,UO890,3319,UO890,0,,2026-08-12 23:05:36
2026-08-13,CNY-2027-before,CTS,170,OK,12,4,5201,HB880,5201,HB880,4,1 offers dropped by whitelist,2026-08-12 23:05:36
2026-08-13,CNY-2027-before,AKJ,170,NO_RESULT,0,0,,,,,0,,2026-08-12 23:05:36
2026-08-13,CNY-2027-before,HKD,170,OK,8,0,5285,NH814>NH553,,,0,2 offers dropped by whitelist,2026-08-12 23:05:36
2026-08-13,CNY-2027-after,TYO,177,OK,22,22,4579,UO628,4579,UO628,4,,2026-08-12 23:05:36
2026-08-13,CNY-2027-after,SDJ,177,OK,1,1,7289,UO890,7289,UO890,0,,2026-08-12 23:05:36
2026-08-13,CNY-2027-after,CTS,177,OK,8,4,8437,KE2006>KE769,15351,HB880,4,2 offers dropped by whitelist,2026-08-12 23:05:36
2026-08-13,CNY-2027-after,AKJ,177,NO_RESULT,0,0,,,,,0,,2026-08-12 23:05:36
2026-08-13,CNY-2027-after,HKD,177,OK,8,0,9207,JL26>JL585,,,0,2 offers dropped by whitelist,2026-08-12 23:05:36
2026-08-14,XMAS-2026,TYO,128,OK,22,22,4409,UO652,4409,UO652,4,,2026-08-13 23:06:49
2026-08-14,XMAS-2026,SDJ,128,OK,1,1,5499,UO890,5499,UO890,0,,2026-08-13 23:06:49
2026-08-14,XMAS-2026,CTS,128,OK,8,5,8271,HB2886,8271,HB2886,4,1 offers dropped by whitelist,2026-08-13 23:06:49
2026-08-14,XMAS-2026,AKJ,128,NO_RESULT,0,0,,,,,0,,2026-08-13 23:06:49
2026-08-14,XMAS-2026,HKD,128,NO_RESULT,0,0,,,,,0,,2026-08-13 23:06:49
2026-08-14,CNY-2027-before,TYO,169,OK,22,22,3139,UO624,3139,UO624,4,,2026-08-13 23:06:49
2026-08-14,CNY-2027-before,SDJ,169,OK,1,1,3319,UO890,3319,UO890,0,,2026-08-13 23:06:49
2026-08-14,CNY-2027-before,CTS,169,OK,8,4,5201,HB880,5201,HB880,4,2 offers dropped by whitelist,2026-08-13 23:06:49
2026-08-14,CNY-2027-before,AKJ,169,NO_RESULT,0,0,,,,,0,,2026-08-13 23:06:49
2026-08-14,CNY-2027-before,HKD,169,OK,10,0,5285,NH812>NH559,,,0,2 offers dropped by whitelist,2026-08-13 23:06:49
2026-08-14,CNY-2027-after,TYO,176,OK,22,22,4779,UO650,4779,UO650,4,,2026-08-13 23:06:49
2026-08-14,CNY-2027-after,SDJ,176,OK,1,1,7739,UO890,7739,UO890,0,,2026-08-13 23:06:49
2026-08-14,CNY-2027-after,CTS,176,OK,9,4,8437,KE2006>KE769,15351,HB880,4,2 offers dropped by whitelist,2026-08-13 23:06:49
2026-08-14,CNY-2027-after,AKJ,176,NO_RESULT,0,0,,,,,0,,2026-08-13 23:06:49
2026-08-14,CNY-2027-after,HKD,176,OK,8,0,9165,NH860>NH553,,,0,2 offers dropped by whitelist,2026-08-13 23:06:49
2026-08-15,XMAS-2026,TYO,127,OK,22,22,4409,UO652,4409,UO652,4,,2026-08-14 22:43:35
2026-08-15,XMAS-2026,SDJ,127,OK,1,1,5499,UO890,5499,UO890,0,,2026-08-14 22:43:35
2026-08-15,XMAS-2026,CTS,127,OK,9,5,8271,HB2886,8271,HB2886,4,1 offers dropped by whitelist,2026-08-14 22:43:35
2026-08-15,XMAS-2026,AKJ,127,NO_RESULT,0,0,,,,,0,,2026-08-14 22:43:35
2026-08-15,XMAS-2026,HKD,127,NO_RESULT,0,0,,,,,0,,2026-08-14 22:43:35
2026-08-15,CNY-2027-before,TYO,168,OK,22,22,3139,UO624,3139,UO624,4,,2026-08-14 22:43:35
2026-08-15,CNY-2027-before,SDJ,168,OK,1,1,3519,UO890,3519,UO890,0,,2026-08-14 22:43:35
2026-08-15,CNY-2027-before,CTS,168,OK,11,4,5279,NH814>NH73,5401,HB880,4,2 offers dropped by whitelist,2026-08-14 22:43:35
2026-08-15,CNY-2027-before,AKJ,168,NO_RESULT,0,0,,,,,0,,2026-08-14 22:43:35
2026-08-15,CNY-2027-before,HKD,168,OK,8,0,5735,NH812>NH559,,,0,2 offers dropped by whitelist,2026-08-14 22:43:35
2026-08-15,CNY-2027-after,TYO,175,OK,22,22,4779,UO650,4779,UO650,4,,2026-08-14 22:43:35
2026-08-15,CNY-2027-after,SDJ,175,OK,1,1,7739,UO890,7739,UO890,0,,2026-08-14 22:43:35
2026-08-15,CNY-2027-after,CTS,175,OK,8,4,8437,KE2006>KE769,15351,HB880,4,3 offers dropped by whitelist,2026-08-14 22:43:35
2026-08-15,CNY-2027-after,AKJ,175,NO_RESULT,0,0,,,,,0,,2026-08-14 22:43:35
2026-08-15,CNY-2027-after,HKD,175,OK,8,0,9165,NH860>NH553,,,0,2 offers dropped by whitelist,2026-08-14 22:43:35
2026-08-16,XMAS-2026,TYO,126,OK,22,22,4409,UO652,4409,UO652,4,,2026-08-15 22:41:51
2026-08-16,XMAS-2026,SDJ,126,OK,1,1,5499,UO890,5499,UO890,0,,2026-08-15 22:41:51
2026-08-16,XMAS-2026,CTS,126,OK,8,5,8271,HB2886,8271,HB2886,4,1 offers dropped by whitelist,2026-08-15 22:41:51
2026-08-16,XMAS-2026,AKJ,126,NO_RESULT,0,0,,,,,0,,2026-08-15 22:41:51
2026-08-16,XMAS-2026,HKD,126,NO_RESULT,0,0,,,,,0,,2026-08-15 22:41:51
2026-08-16,CNY-2027-before,TYO,167,OK,22,22,3139,UO624,3139,UO624,4,,2026-08-15 22:41:51
2026-08-16,CNY-2027-before,SDJ,167,OK,1,1,3519,UO890,3519,UO890,0,,2026-08-15 22:41:51
2026-08-16,CNY-2027-before,CTS,167,OK,9,4,5740,NH814>NH57,5811,HB880,4,2 offers dropped by whitelist,2026-08-15 22:41:51
2026-08-16,CNY-2027-before,AKJ,167,NO_RESULT,0,0,,,,,0,,2026-08-15 22:41:51
2026-08-16,CNY-2027-before,HKD,167,OK,8,0,5285,NH812>NH559,,,0,2 offers dropped by whitelist,2026-08-15 22:41:51
2026-08-16,CNY-2027-after,TYO,174,OK,22,22,4779,UO650,4779,UO650,4,,2026-08-15 22:41:51
2026-08-16,CNY-2027-after,SDJ,174,OK,2,2,8499,UO890,8499,UO890,0,,2026-08-15 22:41:51
2026-08-16,CNY-2027-after,CTS,174,OK,9,4,8437,KE2006>KE769,15351,HB880,4,3 offers dropped by whitelist,2026-08-15 22:41:51
2026-08-16,CNY-2027-after,AKJ,174,NO_RESULT,0,0,,,,,0,,2026-08-15 22:41:51
2026-08-16,CNY-2027-after,HKD,174,OK,8,0,9165,NH860>NH553,,,0,2 offers dropped by whitelist,2026-08-15 22:41:51
2026-08-17,XMAS-2026,TYO,125,OK,22,22,4409,UO652,4409,UO652,4,,2026-08-16 22:41:23
2026-08-17,XMAS-2026,SDJ,125,OK,1,1,5499,UO890,5499,UO890,0,,2026-08-16 22:41:23
2026-08-17,XMAS-2026,CTS,125,OK,9,5,8271,HB2886,8271,HB2886,4,1 offers dropped by whitelist,2026-08-16 22:41:23
2026-08-17,XMAS-2026,AKJ,125,NO_RESULT,0,0,,,,,0,,2026-08-16 22:41:23
2026-08-17,XMAS-2026,HKD,125,NO_RESULT,0,0,,,,,0,,2026-08-16 22:41:23
2026-08-17,CNY-2027-before,TYO,166,OK,22,22,3139,UO624,3139,UO624,4,,2026-08-16 22:41:23
2026-08-17,CNY-2027-before,SDJ,166,OK,1,1,3519,UO890,3519,UO890,0,,2026-08-16 22:41:23
2026-08-17,CNY-2027-before,CTS,166,OK,13,4,5279,NH814>NH741>NH4874,5811,HB880,4,2 offers dropped by whitelist,2026-08-16 22:41:23
2026-08-17,CNY-2027-before,AKJ,166,NO_RESULT,0,0,,,,,0,,2026-08-16 22:41:23
2026-08-17,CNY-2027-before,HKD,166,OK,9,0,5285,NH812>NH559,,,0,2 offers dropped by whitelist,2026-08-16 22:41:23
2026-08-17,CNY-2027-after,TYO,173,OK,22,22,4929,UO628,4929,UO628,4,,2026-08-16 22:41:23
2026-08-17,CNY-2027-after,SDJ,173,OK,2,2,8499,UO890,8499,UO890,0,,2026-08-16 22:41:23
2026-08-17,CNY-2027-after,CTS,173,OK,9,4,8731,JL26>JL501,15351,HB880,4,2 offers dropped by whitelist,2026-08-16 22:41:23
2026-08-17,CNY-2027-after,AKJ,173,NO_RESULT,0,0,,,,,0,,2026-08-16 22:41:23
2026-08-17,CNY-2027-after,HKD,173,OK,8,0,9165,NH860>NH553,,,0,2 offers dropped by whitelist,2026-08-16 22:41:23
2026-08-18,XMAS-2026,TYO,124,OK,22,22,4409,UO652,4409,UO652,4,,2026-08-17 22:44:43
2026-08-18,XMAS-2026,SDJ,124,OK,1,1,5499,UO890,5499,UO890,0,,2026-08-17 22:44:43
2026-08-18,XMAS-2026,CTS,124,OK,9,5,8271,HB2886,8271,HB2886,4,1 offers dropped by whitelist,2026-08-17 22:44:43
2026-08-18,XMAS-2026,AKJ,124,NO_RESULT,0,0,,,,,0,,2026-08-17 22:44:43
2026-08-18,XMAS-2026,HKD,124,NO_RESULT,0,0,,,,,0,,2026-08-17 22:44:43
2026-08-18,CNY-2027-before,TYO,165,OK,22,22,3139,UO624,3139,UO624,4,,2026-08-17 22:44:43
2026-08-18,CNY-2027-before,SDJ,165,OK,1,1,3519,UO890,3519,UO890,0,,2026-08-17 22:44:43
2026-08-18,CNY-2027-before,CTS,165,OK,10,4,5279,NH860>NH55,5811,HB880,4,4 offers dropped by whitelist,2026-08-17 22:44:43
2026-08-18,CNY-2027-before,AKJ,165,NO_RESULT,0,0,,,,,0,,2026-08-17 22:44:43
2026-08-18,CNY-2027-before,HKD,165,OK,8,0,5285,NH814>NH553,,,0,2 offers dropped by whitelist,2026-08-17 22:44:43
2026-08-18,CNY-2027-after,TYO,172,ERROR,0,0,,,,,0,ParseShapeError: Google returned an error page,2026-08-17 22:44:43
2026-08-18,CNY-2027-after,SDJ,172,OK,2,2,8499,UO890,8499,UO890,0,,2026-08-17 22:44:43
2026-08-18,CNY-2027-after,CTS,172,OK,9,4,8731,JL26>JL501,15351,HB880,4,3 offers dropped by whitelist,2026-08-17 22:44:43
2026-08-18,CNY-2027-after,AKJ,172,NO_RESULT,0,0,,,,,0,,2026-08-17 22:44:43
2026-08-18,CNY-2027-after,HKD,172,ERROR,8,0,9165,NH860>NH553,,,0,ParseShapeError: Google returned an error page; 2 offers dropped by whitelist,2026-08-17 22:44:43
2026-08-18,XMAS-2026,TYO,124,OK,22,22,4409,UO652,4409,UO652,4,,2026-08-18 02:30:44
2026-08-18,XMAS-2026,SDJ,124,OK,1,1,5499,UO890,5499,UO890,0,,2026-08-18 02:30:44
2026-08-18,XMAS-2026,CTS,124,OK,9,5,8271,HB2886,8271,HB2886,4,1 offers dropped by whitelist,2026-08-18 02:30:44
2026-08-18,XMAS-2026,AKJ,124,NO_RESULT,0,0,,,,,0,,2026-08-18 02:30:44
2026-08-18,XMAS-2026,HKD,124,ERROR,0,0,,,,,0,ParseShapeError: Google returned an error page; ParseShapeError: Google returned an error page,2026-08-18 02:30:44
2026-08-18,CNY-2027-before,TYO,165,ERROR,0,0,,,,,0,ParseShapeError: Google returned an error page,2026-08-18 02:30:44
2026-08-18,CNY-2027-before,SDJ,165,ERROR,0,0,,,,,0,ParseShapeError: Google returned an error page,2026-08-18 02:30:44
2026-08-18,CNY-2027-before,CTS,165,ERROR,9,0,5279,NH860>NH55,,,2,ParseShapeError: Google returned an error page; 4 offers dropped by whitelist,2026-08-18 02:30:44
2026-08-18,CNY-2027-before,AKJ,165,ERROR,0,0,,,,,0,ParseShapeError: Google returned an error page,2026-08-18 02:30:44
2026-08-18,CNY-2027-before,HKD,165,ERROR,8,0,5285,NH814>NH553,,,0,ParseShapeError: Google returned an error page; 2 offers dropped by whitelist,2026-08-18 02:30:44
2026-08-18,CNY-2027-after,TYO,172,OK,22,22,4929,UO628,4929,UO628,4,,2026-08-18 02:30:44
2026-08-18,CNY-2027-after,SDJ,172,OK,2,2,8499,UO890,8499,UO890,0,,2026-08-18 02:30:44
2026-08-18,CNY-2027-after,CTS,172,OK,8,4,8731,JL26>JL501,15351,HB880,4,3 offers dropped by whitelist,2026-08-18 02:30:44
2026-08-18,CNY-2027-after,AKJ,172,NO_RESULT,0,0,,,,,0,,2026-08-18 02:30:44
2026-08-18,CNY-2027-after,HKD,172,OK,8,0,9165,NH860>NH553,,,0,2 offers dropped by whitelist,2026-08-18 02:30:44
2026-08-18,XMAS-2026,TYO,124,OK,22,22,4409,UO652,4409,UO652,4,,2026-08-18 04:55:06
2026-08-18,XMAS-2026,SDJ,124,OK,1,1,5499,UO890,5499,UO890,0,,2026-08-18 04:55:06
2026-08-18,XMAS-2026,CTS,124,OK,9,5,8271,HB2886,8271,HB2886,4,1 offers dropped by whitelist,2026-08-18 04:55:06
2026-08-18,XMAS-2026,AKJ,124,NO_RESULT,0,0,,,,,0,,2026-08-18 04:55:06
2026-08-18,XMAS-2026,HKD,124,NO_RESULT,0,0,,,,,0,,2026-08-18 04:55:06
2026-08-18,CNY-2027-before,TYO,165,OK,22,22,3139,UO624,3139,UO624,4,,2026-08-18 04:55:06
2026-08-18,CNY-2027-before,SDJ,165,OK,1,1,3519,UO890,3519,UO890,0,,2026-08-18 04:55:06
2026-08-18,CNY-2027-before,CTS,165,OK,10,4,5729,NH812>NH77,5811,HB880,4,2 offers dropped by whitelist,2026-08-18 04:55:06
2026-08-18,CNY-2027-before,AKJ,165,NO_RESULT,0,0,,,,,0,,2026-08-18 04:55:06
2026-08-18,CNY-2027-before,HKD,165,OK,8,0,5285,NH814>NH553,,,0,2 offers dropped by whitelist,2026-08-18 04:55:06
2026-08-18,CNY-2027-after,TYO,172,OK,22,22,4929,UO628,4929,UO628,4,,2026-08-18 04:55:06
2026-08-18,CNY-2027-after,SDJ,172,OK,2,2,8499,UO890,8499,UO890,0,,2026-08-18 04:55:06
2026-08-18,CNY-2027-after,CTS,172,OK,8,4,8731,JL26>JL501,15351,HB880,4,2 offers dropped by whitelist,2026-08-18 04:55:06
2026-08-18,CNY-2027-after,AKJ,172,NO_RESULT,0,0,,,,,0,,2026-08-18 04:55:06
2026-08-18,CNY-2027-after,HKD,172,OK,8,0,9165,NH860>NH553,,,0,2 offers dropped by whitelist,2026-08-18 04:55:06
2026-08-19,XMAS-2026,TYO,123,OK,22,22,4409,UO652,4409,UO652,4,,2026-08-18 22:44:26
2026-08-19,XMAS-2026,SDJ,123,OK,1,1,5099,UO890,5099,UO890,0,,2026-08-18 22:44:26
2026-08-19,XMAS-2026,CTS,123,OK,8,5,8271,HB2886,8271,HB2886,4,2 offers dropped by whitelist,2026-08-18 22:44:26
2026-08-19,XMAS-2026,AKJ,123,NO_RESULT,0,0,,,,,0,,2026-08-18 22:44:26
2026-08-19,XMAS-2026,HKD,123,NO_RESULT,0,0,,,,,0,,2026-08-18 22:44:26
2026-08-19,CNY-2027-before,TYO,164,OK,22,22,3139,UO624,3139,UO624,4,,2026-08-18 22:44:26
2026-08-19,CNY-2027-before,SDJ,164,OK,1,1,3519,UO890,3519,UO890,0,,2026-08-18 22:44:26
2026-08-19,CNY-2027-before,CTS,164,OK,9,4,5729,NH812>NH79,6411,HB880,4,3 offers dropped by whitelist,2026-08-18 22:44:26
2026-08-19,CNY-2027-before,AKJ,164,NO_RESULT,0,0,,,,,0,,2026-08-18 22:44:26
2026-08-19,CNY-2027-before,HKD,164,OK,9,0,5285,NH814>NH553,,,0,2 offers dropped by whitelist,2026-08-18 22:44:26
2026-08-19,CNY-2027-after,TYO,171,OK,22,22,4929,UO628,4929,UO628,4,,2026-08-18 22:44:26
2026-08-19,CNY-2027-after,SDJ,171,OK,2,2,8499,UO890,8499,UO890,0,,2026-08-18 22:44:26
2026-08-19,CNY-2027-after,CTS,171,OK,8,4,8731,JL26>JL501,15351,HB880,4,2 offers dropped by whitelist,2026-08-18 22:44:26
2026-08-19,CNY-2027-after,AKJ,171,NO_RESULT,0,0,,,,,0,,2026-08-18 22:44:26
2026-08-19,CNY-2027-after,HKD,171,OK,8,0,9165,NH860>NH553,,,0,2 offers dropped by whitelist,2026-08-18 22:44:26
2026-08-20,XMAS-2026,TYO,122,OK,22,22,4609,UO650,4609,UO650,4,,2026-08-19 22:45:28
2026-08-20,XMAS-2026,SDJ,122,OK,1,1,5099,UO890,5099,UO890,0,,2026-08-19 22:45:28
2026-08-20,XMAS-2026,CTS,122,OK,10,5,8271,HB2886,8271,HB2886,4,1 offers dropped by whitelist,2026-08-19 22:45:28
2026-08-20,XMAS-2026,AKJ,122,NO_RESULT,0,0,,,,,0,,2026-08-19 22:45:28
2026-08-20,XMAS-2026,HKD,122,NO_RESULT,0,0,,,,,0,,2026-08-19 22:45:28
2026-08-20,CNY-2027-before,TYO,163,OK,22,22,3139,UO624,3139,UO624,4,,2026-08-19 22:45:28
2026-08-20,CNY-2027-before,SDJ,163,OK,1,1,3519,UO890,3519,UO890,0,,2026-08-19 22:45:28
2026-08-20,CNY-2027-before,CTS,163,OK,9,4,5427,CI924>CI130,6411,HB880,4,2 offers dropped by whitelist,2026-08-19 22:45:28
2026-08-20,CNY-2027-before,AKJ,163,NO_RESULT,0,0,,,,,0,,2026-08-19 22:45:28
2026-08-20,CNY-2027-before,HKD,163,OK,7,0,5284,NH814>NH553,,,0,2 offers dropped by whitelist,2026-08-19 22:45:28
2026-08-20,CNY-2027-after,TYO,170,OK,22,22,4929,UO628,4929,UO628,4,,2026-08-19 22:45:28
2026-08-20,CNY-2027-after,SDJ,170,OK,2,2,8499,UO890,8499,UO890,0,,2026-08-19 22:45:28
2026-08-20,CNY-2027-after,CTS,170,OK,9,4,8730,JL26>JL501,15351,HB880,4,2 offers dropped by whitelist,2026-08-19 22:45:28
2026-08-20,CNY-2027-after,AKJ,170,NO_RESULT,0,0,,,,,0,,2026-08-19 22:45:28
2026-08-20,CNY-2027-after,HKD,170,OK,9,0,9164,NH860>NH553,,,0,2 offers dropped by whitelist,2026-08-19 22:45:28
2026-08-21,XMAS-2026,TYO,121,ERROR,0,0,,,,,0,ParseShapeError: Google returned an error page,2026-08-20 22:48:46
2026-08-21,XMAS-2026,SDJ,121,OK,1,1,5099,UO890,5099,UO890,0,,2026-08-20 22:48:46
2026-08-21,XMAS-2026,CTS,121,OK,8,5,8273,HB2886,8273,HB2886,4,1 offers dropped by whitelist,2026-08-20 22:48:46
2026-08-21,XMAS-2026,AKJ,121,NO_RESULT,0,0,,,,,0,,2026-08-20 22:48:46
2026-08-21,XMAS-2026,HKD,121,NO_RESULT,0,0,,,,,0,,2026-08-20 22:48:46
2026-08-21,CNY-2027-before,TYO,162,OK,23,23,3139,UO624,3139,UO624,4,,2026-08-20 22:48:46
2026-08-21,CNY-2027-before,SDJ,162,OK,1,1,3519,UO890,3519,UO890,0,,2026-08-20 22:48:46
2026-08-21,CNY-2027-before,CTS,162,OK,11,4,5280,NH814>NH81,6413,HB880,4,1 offers dropped by whitelist,2026-08-20 22:48:46
2026-08-21,CNY-2027-before,AKJ,162,NO_RESULT,0,0,,,,,0,,2026-08-20 22:48:46
2026-08-21,CNY-2027-before,HKD,162,OK,7,0,5286,NH814>NH553,,,0,2 offers dropped by whitelist,2026-08-20 22:48:46
2026-08-21,CNY-2027-after,TYO,169,OK,23,23,5179,UO646,5179,UO646,4,,2026-08-20 22:48:46
2026-08-21,CNY-2027-after,SDJ,169,OK,2,2,8499,UO890,8499,UO890,0,,2026-08-20 22:48:46
2026-08-21,CNY-2027-after,CTS,169,OK,9,4,9482,JL28>JL501,15353,HB880,4,2 offers dropped by whitelist,2026-08-20 22:48:46
2026-08-21,CNY-2027-after,AKJ,169,NO_RESULT,0,0,,,,,0,,2026-08-20 22:48:46
2026-08-21,CNY-2027-after,HKD,169,OK,10,0,9166,NH860>NH557,,,0,2 offers dropped by whitelist,2026-08-20 22:48:46
2026-08-21,XMAS-2026,TYO,121,OK,22,22,4729,UO628,4729,UO628,4,,2026-08-21 02:38:11
2026-08-21,XMAS-2026,SDJ,121,OK,1,1,5099,UO890,5099,UO890,0,,2026-08-21 02:38:11
2026-08-21,XMAS-2026,CTS,121,OK,8,5,8273,HB2886,8273,HB2886,4,1 offers dropped by whitelist,2026-08-21 02:38:11
2026-08-21,XMAS-2026,AKJ,121,NO_RESULT,0,0,,,,,0,,2026-08-21 02:38:11
2026-08-21,XMAS-2026,HKD,121,NO_RESULT,0,0,,,,,0,,2026-08-21 02:38:11
2026-08-21,CNY-2027-before,TYO,162,OK,23,23,3139,UO624,3139,UO624,4,,2026-08-21 02:38:11
2026-08-21,CNY-2027-before,SDJ,162,OK,1,1,3519,UO890,3519,UO890,0,,2026-08-21 02:38:11
2026-08-21,CNY-2027-before,CTS,162,OK,10,4,5429,CI924>CI130,6413,HB880,4,2 offers dropped by whitelist,2026-08-21 02:38:11
2026-08-21,CNY-2027-before,AKJ,162,NO_RESULT,0,0,,,,,0,,2026-08-21 02:38:11
2026-08-21,CNY-2027-before,HKD,162,OK,7,0,5286,NH814>NH553,,,0,2 offers dropped by whitelist,2026-08-21 02:38:11
2026-08-21,CNY-2027-after,TYO,169,OK,23,23,5179,UO646,5179,UO646,4,,2026-08-21 02:38:11
2026-08-21,CNY-2027-after,SDJ,169,OK,2,2,8499,UO890,8499,UO890,0,,2026-08-21 02:38:11
2026-08-21,CNY-2027-after,CTS,169,OK,9,4,9482,JL28>JL501,15353,HB880,4,2 offers dropped by whitelist,2026-08-21 02:38:11
2026-08-21,CNY-2027-after,AKJ,169,NO_RESULT,0,0,,,,,0,,2026-08-21 02:38:11
2026-08-21,CNY-2027-after,HKD,169,OK,10,0,9166,NH860>NH557,,,0,2 offers dropped by whitelist,2026-08-21 02:38:11
2026-08-21,XMAS-2026,TYO,121,OK,22,22,4729,UO628,4729,UO628,4,,2026-08-21 04:57:00
2026-08-21,XMAS-2026,SDJ,121,OK,1,1,5099,UO890,5099,UO890,0,,2026-08-21 04:57:00
2026-08-21,XMAS-2026,CTS,121,OK,8,5,8273,HB2886,8273,HB2886,4,1 offers dropped by whitelist,2026-08-21 04:57:00
2026-08-21,XMAS-2026,AKJ,121,NO_RESULT,0,0,,,,,0,,2026-08-21 04:57:00
2026-08-21,XMAS-2026,HKD,121,NO_RESULT,0,0,,,,,0,,2026-08-21 04:57:00
2026-08-21,CNY-2027-before,TYO,162,OK,23,23,3139,UO624,3139,UO624,4,,2026-08-21 04:57:00
2026-08-21,CNY-2027-before,SDJ,162,OK,1,1,3519,UO890,3519,UO890,0,,2026-08-21 04:57:00
2026-08-21,CNY-2027-before,CTS,162,OK,10,4,5280,NH814>NH79,6413,HB880,4,1 offers dropped by whitelist,2026-08-21 04:57:00
2026-08-21,CNY-2027-before,AKJ,162,NO_RESULT,0,0,,,,,0,,2026-08-21 04:57:00
2026-08-21,CNY-2027-before,HKD,162,OK,7,0,5286,NH814>NH553,,,0,2 offers dropped by whitelist,2026-08-21 04:57:00
2026-08-21,CNY-2027-after,TYO,169,OK,23,23,5179,UO646,5179,UO646,4,,2026-08-21 04:57:00
2026-08-21,CNY-2027-after,SDJ,169,OK,2,2,8499,UO890,8499,UO890,0,,2026-08-21 04:57:00
2026-08-21,CNY-2027-after,CTS,169,OK,9,4,9482,JL28>JL501,15353,HB880,4,2 offers dropped by whitelist,2026-08-21 04:57:00
2026-08-21,CNY-2027-after,AKJ,169,NO_RESULT,0,0,,,,,0,,2026-08-21 04:57:00
2026-08-21,CNY-2027-after,HKD,169,OK,10,0,9166,NH860>NH557,,,0,2 offers dropped by whitelist,2026-08-21 04:57:00
2026-08-22,XMAS-2026,TYO,120,OK,22,22,4729,UO628,4729,UO628,4,,2026-08-21 22:45:03
2026-08-22,XMAS-2026,SDJ,120,OK,1,1,5099,UO890,5099,UO890,0,,2026-08-21 22:45:03
2026-08-22,XMAS-2026,CTS,120,OK,7,5,8274,HB2886,8274,HB2886,4,1 offers dropped by whitelist,2026-08-21 22:45:03
2026-08-22,XMAS-2026,AKJ,120,NO_RESULT,0,0,,,,,0,,2026-08-21 22:45:03
2026-08-22,XMAS-2026,HKD,120,NO_RESULT,0,0,,,,,0,,2026-08-21 22:45:03
2026-08-22,CNY-2027-before,TYO,161,OK,23,23,3139,UO624,3139,UO624,4,,2026-08-21 22:45:03
2026-08-22,CNY-2027-before,SDJ,161,OK,1,1,3519,UO890,3519,UO890,0,,2026-08-21 22:45:03
2026-08-22,CNY-2027-before,CTS,161,OK,11,4,5280,NH860>NH51,6414,HB880,4,2 offers dropped by whitelist,2026-08-21 22:45:03
2026-08-22,CNY-2027-before,AKJ,161,NO_RESULT,0,0,,,,,0,,2026-08-21 22:45:03
2026-08-22,CNY-2027-before,HKD,161,OK,7,0,5286,NH812>NH559,,,1,2 offers dropped by whitelist,2026-08-21 22:45:03
2026-08-22,CNY-2027-after,TYO,168,OK,23,23,5179,UO646,5179,UO646,4,,2026-08-21 22:45:03
2026-08-22,CNY-2027-after,SDJ,168,OK,2,2,8499,UO890,8499,UO890,0,,2026-08-21 22:45:03
2026-08-22,CNY-2027-after,CTS,168,OK,9,4,9482,JL28>JL501,15354,HB880,4,2 offers dropped by whitelist,2026-08-21 22:45:03
2026-08-22,CNY-2027-after,AKJ,168,NO_RESULT,0,0,,,,,0,,2026-08-21 22:45:03
2026-08-22,CNY-2027-after,HKD,168,OK,9,0,9166,NH860>NH553,,,0,2 offers dropped by whitelist,2026-08-21 22:45:03
2026-08-23,XMAS-2026,TYO,119,OK,22,22,4729,UO628,4729,UO628,4,,2026-08-22 22:42:28
2026-08-23,XMAS-2026,SDJ,119,OK,1,1,5099,UO890,5099,UO890,0,,2026-08-22 22:42:28
2026-08-23,XMAS-2026,CTS,119,ERROR,0,5,,,8274,HB2886,2,ParseShapeError: Google returned an error page,2026-08-22 22:42:28
2026-08-23,XMAS-2026,AKJ,119,NO_RESULT,0,0,,,,,0,,2026-08-22 22:42:28
2026-08-23,XMAS-2026,HKD,119,NO_RESULT,0,0,,,,,0,,2026-08-22 22:42:28
2026-08-23,CNY-2027-before,TYO,160,OK,23,23,3139,UO624,3139,UO624,4,,2026-08-22 22:42:28
2026-08-23,CNY-2027-before,SDJ,160,OK,1,1,3319,UO890,3319,UO890,0,,2026-08-22 22:42:28
2026-08-23,CNY-2027-before,CTS,160,OK,12,4,5280,NH814>NH753>NH1173,6414,HB880,4,2 offers dropped by whitelist,2026-08-22 22:42:28
2026-08-23,CNY-2027-before,AKJ,160,NO_RESULT,0,0,,,,,0,,2026-08-22 22:42:28
2026-08-23,CNY-2027-before,HKD,160,OK,7,0,5297,NH812>NH559,,,1,2 offers dropped by whitelist,2026-08-22 22:42:28
2026-08-23,CNY-2027-after,TYO,167,OK,23,23,5179,UO646,5179,UO646,4,,2026-08-22 22:42:28
2026-08-23,CNY-2027-after,SDJ,167,OK,2,2,7289,UO890,7289,UO890,0,,2026-08-22 22:42:28
2026-08-23,CNY-2027-after,CTS,167,OK,10,4,9482,JL28>JL501,15354,HB880,4,1 offers dropped by whitelist,2026-08-22 22:42:28
2026-08-23,CNY-2027-after,AKJ,167,NO_RESULT,0,0,,,,,0,,2026-08-22 22:42:28
2026-08-23,CNY-2027-after,HKD,167,OK,9,0,9166,NH860>NH553,,,0,2 offers dropped by whitelist,2026-08-22 22:42:28
2026-08-23,XMAS-2026,TYO,119,OK,22,22,4729,UO628,4729,UO628,4,,2026-08-23 02:38:24
2026-08-23,XMAS-2026,SDJ,119,OK,1,1,5099,UO890,5099,UO890,0,,2026-08-23 02:38:24
2026-08-23,XMAS-2026,CTS,119,OK,7,5,8274,HB2886,8274,HB2886,4,1 offers dropped by whitelist,2026-08-23 02:38:24
2026-08-23,XMAS-2026,AKJ,119,NO_RESULT,0,0,,,,,0,,2026-08-23 02:38:24
2026-08-23,XMAS-2026,HKD,119,NO_RESULT,0,0,,,,,0,,2026-08-23 02:38:24
2026-08-23,CNY-2027-before,TYO,160,OK,23,23,3139,UO624,3139,UO624,4,,2026-08-23 02:38:24
2026-08-23,CNY-2027-before,SDJ,160,OK,1,1,3319,UO890,3319,UO890,0,,2026-08-23 02:38:24
2026-08-23,CNY-2027-before,CTS,160,OK,12,4,5280,NH814>NH753>NH1173,6414,HB880,4,2 offers dropped by whitelist,2026-08-23 02:38:24
2026-08-23,CNY-2027-before,AKJ,160,NO_RESULT,0,0,,,,,0,,2026-08-23 02:38:24
2026-08-23,CNY-2027-before,HKD,160,OK,8,0,5286,NH814>NH553,,,1,2 offers dropped by whitelist,2026-08-23 02:38:24
2026-08-23,CNY-2027-after,TYO,167,OK,23,23,5179,UO646,5179,UO646,4,,2026-08-23 02:38:24
2026-08-23,CNY-2027-after,SDJ,167,OK,2,2,7289,UO890,7289,UO890,0,,2026-08-23 02:38:24
2026-08-23,CNY-2027-after,CTS,167,OK,10,4,9160,NH860>NH55,15354,HB880,4,1 offers dropped by whitelist,2026-08-23 02:38:24
2026-08-23,CNY-2027-after,AKJ,167,NO_RESULT,0,0,,,,,0,,2026-08-23 02:38:24
2026-08-23,CNY-2027-after,HKD,167,OK,9,0,9166,NH860>NH553,,,0,2 offers dropped by whitelist,2026-08-23 02:38:24
2026-08-23,XMAS-2026,TYO,119,OK,22,22,4729,UO628,4729,UO628,4,,2026-08-23 04:54:33
2026-08-23,XMAS-2026,SDJ,119,OK,1,1,5099,UO890,5099,UO890,0,,2026-08-23 04:54:33
2026-08-23,XMAS-2026,CTS,119,OK,7,5,8274,HB2886,8274,HB2886,4,1 offers dropped by whitelist,2026-08-23 04:54:33
2026-08-23,XMAS-2026,AKJ,119,NO_RESULT,0,0,,,,,0,,2026-08-23 04:54:33
2026-08-23,XMAS-2026,HKD,119,NO_RESULT,0,0,,,,,0,,2026-08-23 04:54:33
2026-08-23,CNY-2027-before,TYO,160,OK,23,23,3139,UO624,3139,UO624,4,,2026-08-23 04:54:33
2026-08-23,CNY-2027-before,SDJ,160,OK,1,1,3319,UO890,3319,UO890,0,,2026-08-23 04:54:33
2026-08-23,CNY-2027-before,CTS,160,OK,12,4,5280,NH814>NH753>NH1173,6414,HB880,4,2 offers dropped by whitelist,2026-08-23 04:54:33
2026-08-23,CNY-2027-before,AKJ,160,NO_RESULT,0,0,,,,,0,,2026-08-23 04:54:33
2026-08-23,CNY-2027-before,HKD,160,OK,8,0,5286,NH814>NH553,,,1,2 offers dropped by whitelist,2026-08-23 04:54:33
2026-08-23,CNY-2027-after,TYO,167,OK,23,23,5179,UO646,5179,UO646,4,,2026-08-23 04:54:33
2026-08-23,CNY-2027-after,SDJ,167,OK,2,2,7289,UO890,7289,UO890,0,,2026-08-23 04:54:33
2026-08-23,CNY-2027-after,CTS,167,OK,10,4,9480,NH860>NH57,15354,HB880,4,,2026-08-23 04:54:33
2026-08-23,CNY-2027-after,AKJ,167,NO_RESULT,0,0,,,,,0,,2026-08-23 04:54:33
2026-08-23,CNY-2027-after,HKD,167,OK,9,0,9166,NH860>NH553,,,0,2 offers dropped by whitelist,2026-08-23 04:54:33
2026-08-24,XMAS-2026,TYO,118,ERROR,0,0,,,,,0,ParseShapeError: Google returned an error page,2026-08-23 22:42:23
2026-08-24,XMAS-2026,SDJ,118,ERROR,0,0,,,,,0,ParseShapeError: Google returned an error page,2026-08-23 22:42:23
2026-08-24,XMAS-2026,CTS,118,ERROR,0,0,,,,,0,ParseShapeError: Google returned an error page; ParseShapeError: Google returned an error page,2026-08-23 22:42:23
2026-08-24,XMAS-2026,AKJ,118,NO_RESULT,0,0,,,,,0,,2026-08-23 22:42:23
2026-08-24,XMAS-2026,HKD,118,NO_RESULT,0,0,,,,,0,,2026-08-23 22:42:23
2026-08-24,CNY-2027-before,TYO,159,OK,23,23,3139,UO624,3139,UO624,4,,2026-08-23 22:42:23
2026-08-24,CNY-2027-before,SDJ,159,OK,1,1,3319,UO890,3319,UO890,0,,2026-08-23 22:42:23
2026-08-24,CNY-2027-before,CTS,159,ERROR,0,4,,,6414,HB880,2,ParseShapeError: Google returned an error page,2026-08-23 22:42:23
2026-08-24,CNY-2027-before,AKJ,159,ERROR,0,0,,,,,0,ParseShapeError: Google returned an error page; ParseShapeError: Google returned an error page,2026-08-23 22:42:23
2026-08-24,CNY-2027-before,HKD,159,ERROR,0,0,,,,,0,ParseShapeError: Google returned an error page; ParseShapeError: Google returned an error page,2026-08-23 22:42:23
2026-08-24,CNY-2027-after,TYO,166,ERROR,0,0,,,,,0,ParseShapeError: Google returned an error page,2026-08-23 22:42:23
2026-08-24,CNY-2027-after,SDJ,166,ERROR,0,0,,,,,0,ParseShapeError: Google returned an error page,2026-08-23 22:42:23
2026-08-24,CNY-2027-after,CTS,166,ERROR,0,0,,,,,0,ParseShapeError: Google returned an error page; ParseShapeError: Google returned an error page,2026-08-23 22:42:23
2026-08-24,CNY-2027-after,AKJ,166,ERROR,0,0,,,,,0,ParseShapeError: Google returned an error page; ParseShapeError: Google returned an error page,2026-08-23 22:42:23
2026-08-24,CNY-2027-after,HKD,166,ERROR,0,0,,,,,0,ParseShapeError: Google returned an error page; ParseShapeError: Google returned an error page,2026-08-23 22:42:23
2026-08-24,XMAS-2026,TYO,118,OK,22,22,4729,UO628,4729,UO628,4,,2026-08-24 02:39:14
2026-08-24,XMAS-2026,SDJ,118,OK,1,1,5099,UO890,5099,UO890,0,,2026-08-24 02:39:14
2026-08-24,XMAS-2026,CTS,118,OK,7,5,8274,HB2886,8274,HB2886,4,1 offers dropped by whitelist,2026-08-24 02:39:14
2026-08-24,XMAS-2026,AKJ,118,NO_RESULT,0,0,,,,,0,,2026-08-24 02:39:14
2026-08-24,XMAS-2026,HKD,118,NO_RESULT,0,0,,,,,0,,2026-08-24 02:39:14
2026-08-24,CNY-2027-before,TYO,159,OK,23,23,3139,UO624,3139,UO624,4,,2026-08-24 02:39:14
2026-08-24,CNY-2027-before,SDJ,159,OK,1,1,3319,UO890,3319,UO890,0,,2026-08-24 02:39:14
2026-08-24,CNY-2027-before,CTS,159,OK,12,4,5280,NH860>NH753>NH1173,6414,HB880,4,1 offers dropped by whitelist,2026-08-24 02:39:14
2026-08-24,CNY-2027-before,AKJ,159,NO_RESULT,0,0,,,,,0,,2026-08-24 02:39:14
2026-08-24,CNY-2027-before,HKD,159,OK,8,0,5286,NH812>NH559,,,1,2 offers dropped by whitelist,2026-08-24 02:39:14
2026-08-24,CNY-2027-after,TYO,166,OK,23,23,5329,UO628,5329,UO628,4,,2026-08-24 02:39:14
2026-08-24,CNY-2027-after,SDJ,166,OK,2,2,7739,UO890,7739,UO890,0,,2026-08-24 02:39:14
2026-08-24,CNY-2027-after,CTS,166,OK,9,4,9482,JL28>JL501,15354,HB880,4,1 offers dropped by whitelist,2026-08-24 02:39:14
2026-08-24,CNY-2027-after,AKJ,166,NO_RESULT,0,0,,,,,0,,2026-08-24 02:39:14
2026-08-24,CNY-2027-after,HKD,166,OK,9,0,8738,JL28>JL585,,,0,2 offers dropped by whitelist,2026-08-24 02:39:14
2026-08-24,XMAS-2026,TYO,118,OK,22,22,4729,UO628,4729,UO628,4,,2026-08-24 05:05:02
2026-08-24,XMAS-2026,SDJ,118,OK,1,1,5099,UO890,5099,UO890,0,,2026-08-24 05:05:02
2026-08-24,XMAS-2026,CTS,118,OK,8,5,8274,HB2886,8274,HB2886,4,1 offers dropped by whitelist,2026-08-24 05:05:02
2026-08-24,XMAS-2026,AKJ,118,NO_RESULT,0,0,,,,,0,,2026-08-24 05:05:02
2026-08-24,XMAS-2026,HKD,118,NO_RESULT,0,0,,,,,0,,2026-08-24 05:05:02
2026-08-24,CNY-2027-before,TYO,159,OK,23,23,3139,UO624,3139,UO624,4,,2026-08-24 05:05:02
2026-08-24,CNY-2027-before,SDJ,159,OK,1,1,3319,UO890,3319,UO890,0,,2026-08-24 05:05:02
2026-08-24,CNY-2027-before,CTS,159,OK,12,4,5280,NH860>NH753>NH1173,6414,HB880,4,2 offers dropped by whitelist,2026-08-24 05:05:02
2026-08-24,CNY-2027-before,AKJ,159,NO_RESULT,0,0,,,,,0,,2026-08-24 05:05:02
2026-08-24,CNY-2027-before,HKD,159,OK,8,0,5286,NH812>NH559,,,1,2 offers dropped by whitelist,2026-08-24 05:05:02
2026-08-24,CNY-2027-after,TYO,166,OK,23,23,5329,UO628,5329,UO628,4,,2026-08-24 05:05:02
2026-08-24,CNY-2027-after,SDJ,166,OK,2,2,7739,UO890,7739,UO890,0,,2026-08-24 05:05:02
2026-08-24,CNY-2027-after,CTS,166,OK,10,4,9482,JL28>JL501,15354,HB880,4,1 offers dropped by whitelist,2026-08-24 05:05:02
2026-08-24,CNY-2027-after,AKJ,166,NO_RESULT,0,0,,,,,0,,2026-08-24 05:05:02
2026-08-24,CNY-2027-after,HKD,166,OK,9,0,8738,JL28>JL585,,,0,2 offers dropped by whitelist,2026-08-24 05:05:02
2026-08-25,XMAS-2026,TYO,117,OK,22,22,4729,UO628,4729,UO628,4,,2026-08-24 22:47:28
2026-08-25,XMAS-2026,SDJ,117,OK,1,1,5099,UO890,5099,UO890,0,,2026-08-24 22:47:28
2026-08-25,XMAS-2026,CTS,117,OK,8,5,8271,HB2886,8271,HB2886,4,1 offers dropped by whitelist,2026-08-24 22:47:28
2026-08-25,XMAS-2026,AKJ,117,NO_RESULT,0,0,,,,,0,,2026-08-24 22:47:28
2026-08-25,XMAS-2026,HKD,117,NO_RESULT,0,0,,,,,0,,2026-08-24 22:47:28
2026-08-25,CNY-2027-before,TYO,158,OK,23,23,3139,UO624,3139,UO624,4,,2026-08-24 22:47:28
2026-08-25,CNY-2027-before,SDJ,158,OK,1,1,3519,UO890,3519,UO890,0,,2026-08-24 22:47:28
2026-08-25,CNY-2027-before,CTS,158,ERROR,0,0,,,,,0,ParseShapeError: Google returned an error page; ParseShapeError: Google returned an error page,2026-08-24 22:47:28
2026-08-25,CNY-2027-before,AKJ,158,NO_RESULT,0,0,,,,,0,,2026-08-24 22:47:28
2026-08-25,CNY-2027-before,HKD,158,OK,7,0,5285,NH812>NH559,,,1,4 offers dropped by whitelist,2026-08-24 22:47:28
2026-08-25,CNY-2027-after,TYO,165,ERROR,0,0,,,,,0,ParseShapeError: Google returned an error page,2026-08-24 22:47:28
2026-08-25,CNY-2027-after,SDJ,165,ERROR,0,0,,,,,0,ParseShapeError: Google returned an error page,2026-08-24 22:47:28
2026-08-25,CNY-2027-after,CTS,165,OK,10,4,9481,JL28>JL501,15351,HB880,4,1 offers dropped by whitelist,2026-08-24 22:47:28
2026-08-25,CNY-2027-after,AKJ,165,NO_RESULT,0,0,,,,,0,,2026-08-24 22:47:28
2026-08-25,CNY-2027-after,HKD,165,OK,9,0,8715,NH860>NH553,,,0,2 offers dropped by whitelist,2026-08-24 22:47:28
2026-08-25,XMAS-2026,TYO,117,OK,22,22,4729,UO628,4729,UO628,4,,2026-08-25 02:32:58
2026-08-25,XMAS-2026,SDJ,117,OK,1,1,5099,UO890,5099,UO890,0,,2026-08-25 02:32:58
2026-08-25,XMAS-2026,CTS,117,OK,8,5,8271,HB2886,8271,HB2886,4,1 offers dropped by whitelist,2026-08-25 02:32:58
2026-08-25,XMAS-2026,AKJ,117,NO_RESULT,0,0,,,,,0,,2026-08-25 02:32:58
2026-08-25,XMAS-2026,HKD,117,NO_RESULT,0,0,,,,,0,,2026-08-25 02:32:58
2026-08-25,CNY-2027-before,TYO,158,ERROR,0,0,,,,,0,ParseShapeError: Google returned an error page,2026-08-25 02:32:58
2026-08-25,CNY-2027-before,SDJ,158,OK,1,1,3519,UO890,3519,UO890,0,,2026-08-25 02:32:58
2026-08-25,CNY-2027-before,CTS,158,OK,13,4,5729,NH812>NH2155,6821,HB880,4,2 offers dropped by whitelist,2026-08-25 02:32:58
2026-08-25,CNY-2027-before,AKJ,158,NO_RESULT,0,0,,,,,0,,2026-08-25 02:32:58
2026-08-25,CNY-2027-before,HKD,158,OK,7,0,5285,NH812>NH559,,,1,4 offers dropped by whitelist,2026-08-25 02:32:58
2026-08-25,CNY-2027-after,TYO,165,OK,23,23,5329,UO628,5329,UO628,4,,2026-08-25 02:32:58
2026-08-25,CNY-2027-after,SDJ,165,OK,2,2,7739,UO890,7739,UO890,0,,2026-08-25 02:32:58
2026-08-25,CNY-2027-after,CTS,165,OK,10,4,9479,NH814>NH77,15351,HB880,4,1 offers dropped by whitelist,2026-08-25 02:32:58
2026-08-25,CNY-2027-after,AKJ,165,NO_RESULT,0,0,,,,,0,,2026-08-25 02:32:58
2026-08-25,CNY-2027-after,HKD,165,OK,9,0,8715,NH860>NH553,,,0,2 offers dropped by whitelist,2026-08-25 02:32:58
2026-08-25,XMAS-2026,TYO,117,OK,22,22,4729,UO628,4729,UO628,4,,2026-08-25 04:57:11
2026-08-25,XMAS-2026,SDJ,117,OK,1,1,5449,UO890,5449,UO890,0,,2026-08-25 04:57:11
2026-08-25,XMAS-2026,CTS,117,OK,8,5,8271,HB2886,8271,HB2886,4,1 offers dropped by whitelist,2026-08-25 04:57:11
2026-08-25,XMAS-2026,AKJ,117,NO_RESULT,0,0,,,,,0,,2026-08-25 04:57:11
2026-08-25,XMAS-2026,HKD,117,NO_RESULT,0,0,,,,,0,,2026-08-25 04:57:11
2026-08-25,CNY-2027-before,TYO,158,OK,23,23,3139,UO624,3139,UO624,4,,2026-08-25 04:57:11
2026-08-25,CNY-2027-before,SDJ,158,OK,1,1,3519,UO890,3519,UO890,0,,2026-08-25 04:57:11
2026-08-25,CNY-2027-before,CTS,158,OK,12,4,5729,NH812>NH2155,6821,HB880,4,2 offers dropped by whitelist,2026-08-25 04:57:11
2026-08-25,CNY-2027-before,AKJ,158,NO_RESULT,0,0,,,,,0,,2026-08-25 04:57:11
2026-08-25,CNY-2027-before,HKD,158,OK,6,0,5285,NH812>NH559,,,1,4 offers dropped by whitelist,2026-08-25 04:57:11
2026-08-25,CNY-2027-after,TYO,165,OK,23,23,5329,UO628,5329,UO628,4,,2026-08-25 04:57:11
2026-08-25,CNY-2027-after,SDJ,165,OK,2,2,7739,UO890,7739,UO890,0,,2026-08-25 04:57:11
2026-08-25,CNY-2027-after,CTS,165,OK,10,4,9479,NH814>NH77,15351,HB880,4,1 offers dropped by whitelist,2026-08-25 04:57:11
2026-08-25,CNY-2027-after,AKJ,165,NO_RESULT,0,0,,,,,0,,2026-08-25 04:57:11
2026-08-25,CNY-2027-after,HKD,165,OK,9,0,8715,NH860>NH553,,,0,2 offers dropped by whitelist,2026-08-25 04:57:11
2026-08-26,XMAS-2026,TYO,116,OK,22,22,4729,UO628,4729,UO628,4,,2026-08-25 22:48:58
2026-08-26,XMAS-2026,SDJ,116,OK,1,1,5449,UO890,5449,UO890,0,,2026-08-25 22:48:58
2026-08-26,XMAS-2026,CTS,116,OK,8,5,5149,CI924>CI2130,8271,HB2886,4,1 offers dropped by whitelist,2026-08-25 22:48:58
2026-08-26,XMAS-2026,AKJ,116,NO_RESULT,0,0,,,,,0,,2026-08-25 22:48:58
2026-08-26,XMAS-2026,HKD,116,NO_RESULT,0,0,,,,,0,,2026-08-25 22:48:58
2026-08-26,CNY-2027-before,TYO,157,ERROR,0,0,,,,,0,ParseShapeError: Google returned an error page,2026-08-25 22:48:58
2026-08-26,CNY-2027-before,SDJ,157,OK,1,1,3649,UO890,3649,UO890,0,,2026-08-25 22:48:58
2026-08-26,CNY-2027-before,CTS,157,OK,9,4,5729,NH812>NH2155,6821,HB880,4,4 offers dropped by whitelist,2026-08-25 22:48:58
2026-08-26,CNY-2027-before,AKJ,157,NO_RESULT,0,0,,,,,0,,2026-08-25 22:48:58
2026-08-26,CNY-2027-before,HKD,157,OK,8,0,5285,NH812>NH559,,,1,3 offers dropped by whitelist,2026-08-25 22:48:58
2026-08-26,CNY-2027-after,TYO,164,OK,23,23,5329,UO628,5329,UO628,4,,2026-08-25 22:48:58
2026-08-26,CNY-2027-after,SDJ,164,OK,2,2,7739,UO890,7739,UO890,0,,2026-08-25 22:48:58
2026-08-26,CNY-2027-after,CTS,164,OK,10,4,8709,NH860>NH315>NH1181,15351,HB880,4,,2026-08-25 22:48:58
2026-08-26,CNY-2027-after,AKJ,164,NO_RESULT,0,0,,,,,0,,2026-08-25 22:48:58
2026-08-26,CNY-2027-after,HKD,164,OK,9,0,9205,JL28>JL585,,,0,2 offers dropped by whitelist,2026-08-25 22:48:58
2026-08-26,XMAS-2026,TYO,116,OK,22,22,4729,UO628,4729,UO628,4,,2026-08-26 02:40:38
2026-08-26,XMAS-2026,SDJ,116,OK,1,1,5449,UO890,5449,UO890,0,,2026-08-26 02:40:38
2026-08-26,XMAS-2026,CTS,116,OK,8,5,5149,CI924>CI2130,8271,HB2886,4,1 offers dropped by whitelist,2026-08-26 02:40:38
2026-08-26,XMAS-2026,AKJ,116,NO_RESULT,0,0,,,,,0,,2026-08-26 02:40:38
2026-08-26,XMAS-2026,HKD,116,NO_RESULT,0,0,,,,,0,,2026-08-26 02:40:38
2026-08-26,CNY-2027-before,TYO,157,OK,23,23,3139,UO624,3139,UO624,4,,2026-08-26 02:40:38
2026-08-26,CNY-2027-before,SDJ,157,OK,1,1,3649,UO890,3649,UO890,0,,2026-08-26 02:40:38
2026-08-26,CNY-2027-before,CTS,157,OK,9,4,5729,NH812>NH2155,6821,HB880,4,4 offers dropped by whitelist,2026-08-26 02:40:38
2026-08-26,CNY-2027-before,AKJ,157,NO_RESULT,0,0,,,,,0,,2026-08-26 02:40:38
2026-08-26,CNY-2027-before,HKD,157,OK,8,0,5285,NH812>NH559,,,1,3 offers dropped by whitelist,2026-08-26 02:40:38
2026-08-26,CNY-2027-after,TYO,164,OK,23,23,5329,UO628,5329,UO628,4,,2026-08-26 02:40:38
2026-08-26,CNY-2027-after,SDJ,164,OK,2,2,7739,UO890,7739,UO890,0,,2026-08-26 02:40:38
2026-08-26,CNY-2027-after,CTS,164,OK,10,4,9479,JL28>JL501,15351,HB880,4,1 offers dropped by whitelist,2026-08-26 02:40:38
2026-08-26,CNY-2027-after,AKJ,164,NO_RESULT,0,0,,,,,0,,2026-08-26 02:40:38
2026-08-26,CNY-2027-after,HKD,164,OK,9,0,9205,JL28>JL585,,,0,2 offers dropped by whitelist,2026-08-26 02:40:38
2026-08-26,XMAS-2026,TYO,116,OK,22,22,4729,UO628,4729,UO628,4,,2026-08-26 04:58:44
2026-08-26,XMAS-2026,SDJ,116,OK,1,1,5849,UO890,5849,UO890,0,,2026-08-26 04:58:44
2026-08-26,XMAS-2026,CTS,116,OK,8,5,5149,CI924>CI2130,8271,HB2886,4,1 offers dropped by whitelist,2026-08-26 04:58:44
2026-08-26,XMAS-2026,AKJ,116,NO_RESULT,0,0,,,,,0,,2026-08-26 04:58:44
2026-08-26,XMAS-2026,HKD,116,NO_RESULT,0,0,,,,,0,,2026-08-26 04:58:44
2026-08-26,CNY-2027-before,TYO,157,OK,23,23,3139,UO624,3139,UO624,4,,2026-08-26 04:58:44
2026-08-26,CNY-2027-before,SDJ,157,OK,1,1,3649,UO890,3649,UO890,0,,2026-08-26 04:58:44
2026-08-26,CNY-2027-before,CTS,157,OK,9,4,5729,NH812>NH2155,6821,HB880,4,4 offers dropped by whitelist,2026-08-26 04:58:44
2026-08-26,CNY-2027-before,AKJ,157,NO_RESULT,0,0,,,,,0,,2026-08-26 04:58:44
2026-08-26,CNY-2027-before,HKD,157,OK,8,0,5285,NH812>NH559,,,1,3 offers dropped by whitelist,2026-08-26 04:58:44
2026-08-26,CNY-2027-after,TYO,164,OK,23,23,5329,UO628,5329,UO628,4,,2026-08-26 04:58:44
2026-08-26,CNY-2027-after,SDJ,164,OK,2,2,7739,UO890,7739,UO890,0,,2026-08-26 04:58:44
2026-08-26,CNY-2027-after,CTS,164,OK,10,4,9479,JL28>JL501,15351,HB880,4,1 offers dropped by whitelist,2026-08-26 04:58:44
2026-08-26,CNY-2027-after,AKJ,164,NO_RESULT,0,0,,,,,0,,2026-08-26 04:58:44
2026-08-26,CNY-2027-after,HKD,164,OK,9,0,9205,JL28>JL585,,,0,2 offers dropped by whitelist,2026-08-26 04:58:44
2026-08-27,XMAS-2026,TYO,115,OK,22,22,4729,UO628,4729,UO628,4,,2026-08-27 03:22:22
2026-08-27,XMAS-2026,SDJ,115,OK,1,1,5849,UO890,5849,UO890,0,,2026-08-27 03:22:22
2026-08-27,XMAS-2026,CTS,115,OK,9,5,6027,CI924>CI2130,8271,HB2886,4,,2026-08-27 03:22:22
2026-08-27,XMAS-2026,AKJ,115,NO_RESULT,0,0,,,,,0,,2026-08-27 03:22:22
2026-08-27,XMAS-2026,HKD,115,NO_RESULT,0,0,,,,,0,,2026-08-27 03:22:22
2026-08-27,CNY-2027-before,TYO,156,OK,23,23,3139,UO624,3139,UO624,4,,2026-08-27 03:22:22
2026-08-27,CNY-2027-before,SDJ,156,OK,1,1,3649,UO890,3649,UO890,0,,2026-08-27 03:22:22
2026-08-27,CNY-2027-before,CTS,156,OK,11,4,5729,NH812>NH2155,6821,HB880,4,2 offers dropped by whitelist,2026-08-27 03:22:22
2026-08-27,CNY-2027-before,AKJ,156,NO_RESULT,0,0,,,,,0,,2026-08-27 03:22:22
2026-08-27,CNY-2027-before,HKD,156,OK,8,0,5285,NH812>NH559,,,1,3 offers dropped by whitelist,2026-08-27 03:22:22
2026-08-27,CNY-2027-after,TYO,163,OK,23,23,5329,UO628,5329,UO628,4,,2026-08-27 03:22:22
2026-08-27,CNY-2027-after,SDJ,163,OK,2,2,7739,UO890,7739,UO890,0,,2026-08-27 03:22:22
2026-08-27,CNY-2027-after,CTS,163,OK,11,4,9479,NH812>NH79,15351,HB880,4,1 offers dropped by whitelist,2026-08-27 03:22:22
2026-08-27,CNY-2027-after,AKJ,163,NO_RESULT,0,0,,,,,0,,2026-08-27 03:22:22
2026-08-27,CNY-2027-after,HKD,163,OK,8,0,8715,NH860>NH553,,,0,2 offers dropped by whitelist,2026-08-27 03:22:22
2026-08-28,XMAS-2026,TYO,114,ERROR,0,0,,,,,0,ParseShapeError: Google returned an error page,2026-08-28 06:10:35
2026-08-28,XMAS-2026,SDJ,114,OK,1,1,5849,UO890,5849,UO890,0,,2026-08-28 06:10:35
2026-08-28,XMAS-2026,CTS,114,ERROR,0,0,,,,,0,ParseShapeError: Google returned an error page; ParseShapeError: Google returned an error page,2026-08-28 06:10:35
2026-08-28,XMAS-2026,AKJ,114,NO_RESULT,0,0,,,,,0,,2026-08-28 06:10:35
2026-08-28,XMAS-2026,HKD,114,NO_RESULT,0,0,,,,,0,,2026-08-28 06:10:35
2026-08-28,CNY-2027-before,TYO,155,OK,23,23,3139,UO624,3139,UO624,4,,2026-08-28 06:10:35
2026-08-28,CNY-2027-before,SDJ,155,OK,1,1,3649,UO890,3649,UO890,0,,2026-08-28 06:10:35
2026-08-28,CNY-2027-before,CTS,155,OK,10,4,5729,NH812>NH2155,6821,HB880,4,2 offers dropped by whitelist,2026-08-28 06:10:35
2026-08-28,CNY-2027-before,AKJ,155,NO_RESULT,0,0,,,,,0,,2026-08-28 06:10:35
2026-08-28,CNY-2027-before,HKD,155,OK,8,0,5285,NH812>NH559,,,1,3 offers dropped by whitelist,2026-08-28 06:10:35
2026-08-28,CNY-2027-after,TYO,162,OK,23,23,5329,UO628,5329,UO628,4,,2026-08-28 06:10:35
2026-08-28,CNY-2027-after,SDJ,162,OK,2,2,7739,UO890,7739,UO890,0,,2026-08-28 06:10:35
2026-08-28,CNY-2027-after,CTS,162,OK,9,4,9479,NH860>NH987,15351,HB880,4,1 offers dropped by whitelist,2026-08-28 06:10:35
2026-08-28,CNY-2027-after,AKJ,162,NO_RESULT,0,0,,,,,0,,2026-08-28 06:10:35
2026-08-28,CNY-2027-after,HKD,162,OK,10,0,9207,JL28>JL585,,,0,2 offers dropped by whitelist,2026-08-28 06:10:35
2026-08-28,XMAS-2026,TYO,114,OK,22,22,4729,UO628,4729,UO628,4,,2026-08-28 12:57:44
2026-08-28,XMAS-2026,SDJ,114,OK,1,1,5849,UO890,5849,UO890,0,,2026-08-28 12:57:44
2026-08-28,XMAS-2026,CTS,114,OK,8,5,6029,CI924>CI2130,8271,HB2886,4,1 offers dropped by whitelist,2026-08-28 12:57:44
2026-08-28,XMAS-2026,AKJ,114,NO_RESULT,0,0,,,,,0,,2026-08-28 12:57:44
2026-08-28,XMAS-2026,HKD,114,NO_RESULT,0,0,,,,,0,,2026-08-28 12:57:44
2026-08-28,CNY-2027-before,TYO,155,OK,23,23,3139,UO624,3139,UO624,4,,2026-08-28 12:57:44
2026-08-28,CNY-2027-before,SDJ,155,OK,1,1,3649,UO890,3649,UO890,0,,2026-08-28 12:57:44
2026-08-28,CNY-2027-before,CTS,155,OK,9,4,5729,NH812>NH2155,6821,HB880,4,2 offers dropped by whitelist,2026-08-28 12:57:44
2026-08-28,CNY-2027-before,AKJ,155,NO_RESULT,0,0,,,,,0,,2026-08-28 12:57:44
2026-08-28,CNY-2027-before,HKD,155,OK,9,0,5285,NH812>NH559,,,1,1 offers dropped by whitelist,2026-08-28 12:57:44
2026-08-28,CNY-2027-after,TYO,162,OK,23,23,5349,UO628,5349,UO628,4,,2026-08-28 12:57:44
2026-08-28,CNY-2027-after,SDJ,162,OK,2,2,7739,UO890,7739,UO890,0,,2026-08-28 12:57:44
2026-08-28,CNY-2027-after,CTS,162,OK,9,4,9201,JL28>JL501,15351,HB880,4,1 offers dropped by whitelist,2026-08-28 12:57:44
2026-08-28,CNY-2027-after,AKJ,162,NO_RESULT,0,0,,,,,0,,2026-08-28 12:57:44
2026-08-28,CNY-2027-after,HKD,162,OK,10,0,9207,JL28>JL585,,,0,2 offers dropped by whitelist,2026-08-28 12:57:44
2026-08-29,XMAS-2026,TYO,113,OK,22,22,4729,UO628,4729,UO628,4,,2026-08-28 16:42:11
2026-08-29,XMAS-2026,SDJ,113,OK,1,1,5849,UO890,5849,UO890,0,,2026-08-28 16:42:11
2026-08-29,XMAS-2026,CTS,113,OK,7,5,6029,CI924>CI2130,8271,HB2886,4,2 offers dropped by whitelist,2026-08-28 16:42:11
2026-08-29,XMAS-2026,AKJ,113,NO_RESULT,0,0,,,,,0,,2026-08-28 16:42:11
2026-08-29,XMAS-2026,HKD,113,NO_RESULT,0,0,,,,,0,,2026-08-28 16:42:11
2026-08-29,CNY-2027-before,TYO,154,OK,23,23,3139,UO624,3139,UO624,4,,2026-08-28 16:42:11
2026-08-29,CNY-2027-before,SDJ,154,OK,1,1,3649,UO890,3649,UO890,0,,2026-08-28 16:42:11
2026-08-29,CNY-2027-before,CTS,154,OK,9,4,5729,NH812>NH2155,6821,HB880,4,2 offers dropped by whitelist,2026-08-28 16:42:11
2026-08-29,CNY-2027-before,AKJ,154,NO_RESULT,0,0,,,,,0,,2026-08-28 16:42:11
2026-08-29,CNY-2027-before,HKD,154,OK,9,0,5285,NH812>NH559,,,1,1 offers dropped by whitelist,2026-08-28 16:42:11
2026-08-29,CNY-2027-after,TYO,161,OK,23,23,5349,UO628,5349,UO628,4,,2026-08-28 16:42:11
2026-08-29,CNY-2027-after,SDJ,161,OK,2,2,7739,UO890,7739,UO890,0,,2026-08-28 16:42:11
2026-08-29,CNY-2027-after,CTS,161,OK,8,4,9201,JL28>JL501,15351,HB880,4,2 offers dropped by whitelist,2026-08-28 16:42:11
2026-08-29,CNY-2027-after,AKJ,161,NO_RESULT,0,0,,,,,0,,2026-08-28 16:42:11
2026-08-29,CNY-2027-after,HKD,161,OK,10,0,9207,JL28>JL585,,,0,2 offers dropped by whitelist,2026-08-28 16:42:11
2026-08-30,XMAS-2026,TYO,112,OK,23,23,4929,UO628,4929,UO628,4,,2026-08-30 00:25:49
2026-08-30,XMAS-2026,SDJ,112,OK,1,1,6249,UO890,6249,UO890,0,,2026-08-30 00:25:49
2026-08-30,XMAS-2026,CTS,112,OK,8,5,6029,CI924>CI2130,8271,HB2886,4,1 offers dropped by whitelist,2026-08-30 00:25:49
2026-08-30,XMAS-2026,AKJ,112,NO_RESULT,0,0,,,,,0,,2026-08-30 00:25:49
2026-08-30,XMAS-2026,HKD,112,NO_RESULT,0,0,,,,,0,,2026-08-30 00:25:49
2026-08-30,CNY-2027-before,TYO,153,OK,23,23,3139,UO624,3139,UO624,4,,2026-08-30 00:25:49
2026-08-30,CNY-2027-before,SDJ,153,OK,1,1,3649,UO890,3649,UO890,0,,2026-08-30 00:25:49
2026-08-30,CNY-2027-before,CTS,153,OK,8,4,5729,NH812>NH2155,6821,HB880,4,1 offers dropped by whitelist,2026-08-30 00:25:49
2026-08-30,CNY-2027-before,AKJ,153,NO_RESULT,0,0,,,,,0,,2026-08-30 00:25:49
2026-08-30,CNY-2027-before,HKD,153,OK,9,0,5735,NH812>NH559,,,1,1 offers dropped by whitelist,2026-08-30 00:25:49
2026-08-30,CNY-2027-after,TYO,160,OK,23,23,5349,UO628,5349,UO628,4,,2026-08-30 00:25:49
2026-08-30,CNY-2027-after,SDJ,160,OK,2,2,7739,UO890,7739,UO890,0,,2026-08-30 00:25:49
2026-08-30,CNY-2027-after,CTS,160,OK,10,4,8709,NH860>NH53,15351,HB880,4,1 offers dropped by whitelist,2026-08-30 00:25:49
2026-08-30,CNY-2027-after,AKJ,160,NO_RESULT,0,0,,,,,0,,2026-08-30 00:25:49
2026-08-30,CNY-2027-after,HKD,160,OK,10,0,8715,NH860>NH553,,,0,2 offers dropped by whitelist,2026-08-30 00:25:49
2026-08-31,XMAS-2026,TYO,111,OK,23,23,4929,UO628,4929,UO628,4,,2026-08-31 00:39:29
2026-08-31,XMAS-2026,SDJ,111,OK,1,1,6249,UO890,6249,UO890,0,,2026-08-31 00:39:29
2026-08-31,XMAS-2026,CTS,111,OK,8,5,6029,CI924>CI2130,8271,HB2886,4,1 offers dropped by whitelist,2026-08-31 00:39:29
2026-08-31,XMAS-2026,AKJ,111,NO_RESULT,0,0,,,,,0,,2026-08-31 00:39:29
2026-08-31,XMAS-2026,HKD,111,NO_RESULT,0,0,,,,,0,,2026-08-31 00:39:29
2026-08-31,CNY-2027-before,TYO,152,OK,23,23,3139,UO624,3139,UO624,4,,2026-08-31 00:39:29
2026-08-31,CNY-2027-before,SDJ,152,OK,1,1,3649,UO890,3649,UO890,0,,2026-08-31 00:39:29
2026-08-31,CNY-2027-before,CTS,152,OK,8,4,5729,NH812>NH2155,6821,HB880,4,1 offers dropped by whitelist,2026-08-31 00:39:29
2026-08-31,CNY-2027-before,AKJ,152,NO_RESULT,0,0,,,,,0,,2026-08-31 00:39:29
2026-08-31,CNY-2027-before,HKD,152,OK,8,0,5285,NH812>NH559,,,1,2 offers dropped by whitelist,2026-08-31 00:39:29
2026-08-31,CNY-2027-after,TYO,159,OK,23,23,5349,UO628,5349,UO628,4,,2026-08-31 00:39:29
2026-08-31,CNY-2027-after,SDJ,159,OK,2,2,7739,UO890,7739,UO890,0,,2026-08-31 00:39:29
2026-08-31,CNY-2027-after,CTS,159,OK,10,4,9479,NH812>NH79,15351,HB880,4,2 offers dropped by whitelist,2026-08-31 00:39:29
2026-08-31,CNY-2027-after,AKJ,159,NO_RESULT,0,0,,,,,0,,2026-08-31 00:39:29
2026-08-31,CNY-2027-after,HKD,159,OK,8,0,8715,NH860>NH553,,,0,2 offers dropped by whitelist,2026-08-31 00:39:29
2026-09-01,XMAS-2026,TYO,110,OK,23,23,4729,UO628,4729,UO628,4,,2026-09-01 01:19:01
2026-09-01,XMAS-2026,SDJ,110,OK,1,1,6699,UO890,6699,UO890,0,,2026-09-01 01:19:01
2026-09-01,XMAS-2026,CTS,110,OK,8,5,5568,CI924>CI2130,8269,HB2886,4,1 offers dropped by whitelist,2026-09-01 01:19:01
2026-09-01,XMAS-2026,AKJ,110,NO_RESULT,0,0,,,,,0,,2026-09-01 01:19:01
2026-09-01,XMAS-2026,HKD,110,NO_RESULT,0,0,,,,,0,,2026-09-01 01:19:01
2026-09-01,CNY-2027-before,TYO,151,OK,23,23,3139,UO624,3139,UO624,4,,2026-09-01 01:19:01
2026-09-01,CNY-2027-before,SDJ,151,OK,1,1,3649,UO890,3649,UO890,0,,2026-09-01 01:19:01
2026-09-01,CNY-2027-before,CTS,151,OK,9,4,5263,NH812>NH2155,6819,HB880,4,1 offers dropped by whitelist,2026-09-01 01:19:01
2026-09-01,CNY-2027-before,AKJ,151,NO_RESULT,0,0,,,,,0,,2026-09-01 01:19:01
2026-09-01,CNY-2027-before,HKD,151,OK,8,0,4831,NH812>NH559,,,1,2 offers dropped by whitelist,2026-09-01 01:19:01
2026-09-01,CNY-2027-after,TYO,158,OK,23,23,5349,UO628,5349,UO628,4,,2026-09-01 01:19:01
2026-09-01,CNY-2027-after,SDJ,158,OK,2,2,7739,UO890,7739,UO890,0,,2026-09-01 01:19:01
2026-09-01,CNY-2027-after,CTS,158,OK,8,4,8835,JL28>JL501,15349,HB880,4,2 offers dropped by whitelist,2026-09-01 01:19:01
2026-09-01,CNY-2027-after,AKJ,158,NO_RESULT,0,0,,,,,0,,2026-09-01 01:19:01
2026-09-01,CNY-2027-after,HKD,158,OK,8,0,8261,NH860>NH553,,,0,2 offers dropped by whitelist,2026-09-01 01:19:01
2026-09-02,XMAS-2026,TYO,109,OK,23,23,4735,UO628,4735,UO628,4,,2026-09-02 00:19:18
2026-09-02,XMAS-2026,SDJ,109,OK,1,1,6703,UO890,6703,UO890,0,,2026-09-02 00:19:18
2026-09-02,XMAS-2026,CTS,109,OK,8,5,5990,CI924>CI2130,8271,HB2886,4,1 offers dropped by whitelist,2026-09-02 00:19:18
2026-09-02,XMAS-2026,AKJ,109,NO_RESULT,0,0,,,,,0,,2026-09-02 00:19:18
2026-09-02,XMAS-2026,HKD,109,NO_RESULT,0,0,,,,,0,,2026-09-02 00:19:18
2026-09-02,CNY-2027-before,TYO,150,OK,23,23,3145,UO624,3145,UO624,4,,2026-09-02 00:19:18
2026-09-02,CNY-2027-before,SDJ,150,OK,1,1,3653,UO890,3653,UO890,0,,2026-09-02 00:19:18
2026-09-02,CNY-2027-before,CTS,150,OK,9,4,5271,NH812>NH77,6821,HB880,4,1 offers dropped by whitelist,2026-09-02 00:19:18
2026-09-02,CNY-2027-before,AKJ,150,NO_RESULT,0,0,,,,,0,,2026-09-02 00:19:18
2026-09-02,CNY-2027-before,HKD,150,OK,8,0,4832,NH812>NH559,,,1,2 offers dropped by whitelist,2026-09-02 00:19:18
2026-09-02,CNY-2027-after,TYO,157,OK,23,23,5355,UO628,5355,UO628,4,,2026-09-02 00:19:18
2026-09-02,CNY-2027-after,SDJ,157,OK,2,2,8333,UO890,8333,UO890,0,,2026-09-02 00:19:18
2026-09-02,CNY-2027-after,CTS,157,OK,9,4,9028,NH812>NH81,15351,HB880,4,,2026-09-02 00:19:18
2026-09-02,CNY-2027-after,AKJ,157,NO_RESULT,0,0,,,,,0,,2026-09-02 00:19:18
2026-09-02,CNY-2027-after,HKD,157,OK,8,0,8712,NH812>NH559,,,0,2 offers dropped by whitelist,2026-09-02 00:19:18
2026-09-03,XMAS-2026,TYO,108,OK,23,23,4735,UO628,4735,UO628,4,,2026-09-03 00:20:46
2026-09-03,XMAS-2026,SDJ,108,OK,1,1,6893,UO890,6893,UO890,0,,2026-09-03 00:20:46
2026-09-03,XMAS-2026,CTS,108,OK,8,5,6021,CI924>CI2130,8269,HB2886,4,1 offers dropped by whitelist,2026-09-03 00:20:46
2026-09-03,XMAS-2026,AKJ,108,NO_RESULT,0,0,,,,,0,,2026-09-03 00:20:46
2026-09-03,XMAS-2026,HKD,108,NO_RESULT,0,0,,,,,0,,2026-09-03 00:20:46
2026-09-03,CNY-2027-before,TYO,149,OK,23,23,3145,UO624,3145,UO624,4,,2026-09-03 00:20:46
2026-09-03,CNY-2027-before,SDJ,149,OK,1,1,3323,UO890,3323,UO890,0,,2026-09-03 00:20:46
2026-09-03,CNY-2027-before,CTS,149,OK,13,4,5270,NH814>NH653>NH379,6819,HB880,4,2 offers dropped by whitelist,2026-09-03 00:20:46
2026-09-03,CNY-2027-before,AKJ,149,NO_RESULT,0,0,,,,,0,,2026-09-03 00:20:46
2026-09-03,CNY-2027-before,HKD,149,OK,8,0,4831,NH812>NH559,,,1,2 offers dropped by whitelist,2026-09-03 00:20:46
2026-09-03,CNY-2027-after,TYO,156,OK,23,23,5355,UO628,5355,UO628,4,,2026-09-03 00:20:46
2026-09-03,CNY-2027-after,SDJ,156,OK,1,1,7153,UO890,7153,UO890,0,,2026-09-03 00:20:46
2026-09-03,CNY-2027-after,CTS,156,OK,9,4,8970,NH860>NH55,15349,HB880,4,2 offers dropped by whitelist,2026-09-03 00:20:46
2026-09-03,CNY-2027-after,AKJ,156,NO_RESULT,0,0,,,,,0,,2026-09-03 00:20:46
2026-09-03,CNY-2027-after,HKD,156,OK,9,0,8261,NH860>NH553,,,0,3 offers dropped by whitelist,2026-09-03 00:20:46
2026-09-04,XMAS-2026,TYO,107,OK,23,23,4735,UO628,4735,UO628,4,,2026-09-04 00:09:23
2026-09-04,XMAS-2026,SDJ,107,OK,1,1,6893,UO890,6893,UO890,0,,2026-09-04 00:09:23
2026-09-04,XMAS-2026,CTS,107,OK,8,5,6078,CI924>CI2130,8280,HB2886,4,,2026-09-04 00:09:23
2026-09-04,XMAS-2026,AKJ,107,NO_RESULT,0,0,,,,,0,,2026-09-04 00:09:23
2026-09-04,XMAS-2026,HKD,107,NO_RESULT,0,0,,,,,0,,2026-09-04 00:09:23
2026-09-04,CNY-2027-before,TYO,148,OK,23,23,3145,UO624,3145,UO624,4,,2026-09-04 00:09:23
2026-09-04,CNY-2027-before,SDJ,148,OK,1,1,3323,UO890,3323,UO890,0,,2026-09-04 00:09:23
2026-09-04,CNY-2027-before,CTS,148,OK,9,4,5400,KE2012>KE765,6830,HB880,4,2 offers dropped by whitelist,2026-09-04 00:09:23
2026-09-04,CNY-2027-before,AKJ,148,NO_RESULT,0,0,,,,,0,,2026-09-04 00:09:23
2026-09-04,CNY-2027-before,HKD,148,OK,8,0,5744,NH812>NH559,,,1,2 offers dropped by whitelist,2026-09-04 00:09:23
2026-09-04,CNY-2027-after,TYO,155,OK,23,23,5355,UO628,5355,UO628,4,,2026-09-04 00:09:23
2026-09-04,CNY-2027-after,SDJ,155,OK,1,1,7153,UO890,7153,UO890,0,,2026-09-04 00:09:23
2026-09-04,CNY-2027-after,CTS,155,OK,9,4,8846,JL28>JL501,15360,HB880,4,1 offers dropped by whitelist,2026-09-04 00:09:23
2026-09-04,CNY-2027-after,AKJ,155,NO_RESULT,0,0,,,,,0,,2026-09-04 00:09:23
2026-09-04,CNY-2027-after,HKD,155,OK,9,0,7332,JL28>JL587,,,0,1 offers dropped by whitelist,2026-09-04 00:09:23
2026-09-05,XMAS-2026,TYO,106,OK,23,23,4735,UO628,4735,UO628,4,,2026-09-05 00:10:22
2026-09-05,XMAS-2026,SDJ,106,OK,1,1,6303,UO890,6303,UO890,0,,2026-09-05 00:10:22
2026-09-05,XMAS-2026,CTS,106,OK,9,5,5641,CI924>CI2130,8278,HB2886,4,,2026-09-05 00:10:22
2026-09-05,XMAS-2026,AKJ,106,NO_RESULT,0,0,,,,,0,,2026-09-05 00:10:22
2026-09-05,XMAS-2026,HKD,106,NO_RESULT,0,0,,,,,0,,2026-09-05 00:10:22
2026-09-05,CNY-2027-before,TYO,147,OK,23,23,3145,UO624,3145,UO624,4,,2026-09-05 00:10:22
2026-09-05,CNY-2027-before,SDJ,147,OK,1,1,3323,UO890,3323,UO890,0,,2026-09-05 00:10:22
2026-09-05,CNY-2027-before,CTS,147,OK,12,4,5278,NH814>NH653>NH379,6828,HB880,4,2 offers dropped by whitelist,2026-09-05 00:10:22
2026-09-05,CNY-2027-before,AKJ,147,NO_RESULT,0,0,,,,,0,,2026-09-05 00:10:22
2026-09-05,CNY-2027-before,HKD,147,OK,8,0,5290,NH814>NH555,,,1,2 offers dropped by whitelist,2026-09-05 00:10:22
2026-09-05,CNY-2027-after,TYO,154,OK,23,23,5355,UO628,5355,UO628,4,,2026-09-05 00:10:22
2026-09-05,CNY-2027-after,SDJ,154,OK,1,1,7153,UO890,7153,UO890,0,,2026-09-05 00:10:22
2026-09-05,CNY-2027-after,CTS,154,OK,8,4,8264,NH812>NH79,15358,HB880,4,1 offers dropped by whitelist,2026-09-05 00:10:22
2026-09-05,CNY-2027-after,AKJ,154,NO_RESULT,0,0,,,,,0,,2026-09-05 00:10:22
2026-09-05,CNY-2027-after,HKD,154,OK,7,0,8270,NH860>NH553,,,0,2 offers dropped by whitelist,2026-09-05 00:10:22
2026-09-06,XMAS-2026,TYO,105,OK,23,23,4735,UO628,4735,UO628,4,,2026-09-05 23:58:49
2026-09-06,XMAS-2026,SDJ,105,OK,1,1,6303,UO890,6303,UO890,0,,2026-09-05 23:58:49
2026-09-06,XMAS-2026,CTS,105,OK,9,5,5633,CI924>CI2130,8278,HB2886,4,,2026-09-05 23:58:49
2026-09-06,XMAS-2026,AKJ,105,NO_RESULT,0,0,,,,,0,,2026-09-05 23:58:49
2026-09-06,XMAS-2026,HKD,105,NO_RESULT,0,0,,,,,0,,2026-09-05 23:58:49
2026-09-06,CNY-2027-before,TYO,146,OK,23,23,3256,UO646,3256,UO646,4,,2026-09-05 23:58:49
2026-09-06,CNY-2027-before,SDJ,146,OK,1,1,3523,UO890,3523,UO890,0,,2026-09-05 23:58:49
2026-09-06,CNY-2027-before,CTS,146,OK,10,4,5278,NH814>NH753>NH1173,6828,HB880,4,1 offers dropped by whitelist,2026-09-05 23:58:49
2026-09-06,CNY-2027-before,AKJ,146,NO_RESULT,0,0,,,,,0,,2026-09-05 23:58:49
2026-09-06,CNY-2027-before,HKD,146,OK,8,0,5290,NH814>NH555,,,1,2 offers dropped by whitelist,2026-09-05 23:58:49
2026-09-06,CNY-2027-after,TYO,153,OK,23,23,5355,UO628,5355,UO628,4,,2026-09-05 23:58:49
2026-09-06,CNY-2027-after,SDJ,153,OK,1,1,7153,UO890,7153,UO890,0,,2026-09-05 23:58:49
2026-09-06,CNY-2027-after,CTS,153,OK,8,4,8264,NH812>NH79,15358,HB880,4,1 offers dropped by whitelist,2026-09-05 23:58:49
2026-09-06,CNY-2027-after,AKJ,153,NO_RESULT,0,0,,,,,0,,2026-09-05 23:58:49
2026-09-06,CNY-2027-after,HKD,153,OK,7,0,8270,NH860>NH553,,,0,2 offers dropped by whitelist,2026-09-05 23:58:49
2026-09-07,XMAS-2026,TYO,104,OK,23,23,4735,UO628,4735,UO628,4,,2026-09-07 00:01:38
2026-09-07,XMAS-2026,SDJ,104,OK,1,1,6303,UO890,6303,UO890,0,,2026-09-07 00:01:38
2026-09-07,XMAS-2026,CTS,104,OK,8,5,6078,CI924>CI2130,8278,HB2886,4,1 offers dropped by whitelist,2026-09-07 00:01:38
2026-09-07,XMAS-2026,AKJ,104,NO_RESULT,0,0,,,,,0,,2026-09-07 00:01:38
2026-09-07,XMAS-2026,HKD,104,NO_RESULT,0,0,,,,,0,,2026-09-07 00:01:38
2026-09-07,CNY-2027-before,TYO,145,OK,23,23,3256,UO646,3256,UO646,4,,2026-09-07 00:01:38
2026-09-07,CNY-2027-before,SDJ,145,OK,1,1,3523,UO890,3523,UO890,0,,2026-09-07 00:01:38
2026-09-07,CNY-2027-before,CTS,145,OK,11,4,5278,NH814>NH315>NH1181,6828,HB880,4,1 offers dropped by whitelist,2026-09-07 00:01:38
2026-09-07,CNY-2027-before,AKJ,145,NO_RESULT,0,0,,,,,0,,2026-09-07 00:01:38
2026-09-07,CNY-2027-before,HKD,145,OK,7,0,5290,NH814>NH553,,,1,2 offers dropped by whitelist,2026-09-07 00:01:38
2026-09-07,CNY-2027-after,TYO,152,OK,23,23,5355,UO628,5355,UO628,4,,2026-09-07 00:01:38
2026-09-07,CNY-2027-after,SDJ,152,OK,1,1,7743,UO890,7743,UO890,0,,2026-09-07 00:01:38
2026-09-07,CNY-2027-after,CTS,152,OK,8,4,8978,NH812>NH79,15358,HB880,4,2 offers dropped by whitelist,2026-09-07 00:01:38
2026-09-07,CNY-2027-after,AKJ,152,NO_RESULT,0,0,,,,,0,,2026-09-07 00:01:38
2026-09-07,CNY-2027-after,HKD,152,OK,8,0,8270,NH812>NH559,,,0,2 offers dropped by whitelist,2026-09-07 00:01:38
2026-09-08,XMAS-2026,TYO,103,OK,23,23,4735,UO628,4735,UO628,4,,2026-09-08 00:29:42
2026-09-08,XMAS-2026,SDJ,103,OK,1,1,7293,UO890,7293,UO890,0,,2026-09-08 00:29:42
2026-09-08,XMAS-2026,CTS,103,OK,8,5,6078,CI924>CI2130,8678,HB2886,4,1 offers dropped by whitelist,2026-09-08 00:29:42
2026-09-08,XMAS-2026,AKJ,103,NO_RESULT,0,0,,,,,0,,2026-09-08 00:29:42
2026-09-08,XMAS-2026,HKD,103,NO_RESULT,0,0,,,,,0,,2026-09-08 00:29:42
2026-09-08,CNY-2027-before,TYO,144,OK,23,23,3056,UO646,3056,UO646,4,,2026-09-08 00:29:42
2026-09-08,CNY-2027-before,SDJ,144,OK,1,1,3523,UO890,3523,UO890,0,,2026-09-08 00:29:42
2026-09-08,CNY-2027-before,CTS,144,OK,12,4,5279,NH814>NH653>NH379,6828,HB880,4,2 offers dropped by whitelist,2026-09-08 00:29:42
2026-09-08,CNY-2027-before,AKJ,144,NO_RESULT,0,0,,,,,0,,2026-09-08 00:29:42
2026-09-08,CNY-2027-before,HKD,144,OK,7,0,5292,NH814>NH553,,,1,2 offers dropped by whitelist,2026-09-08 00:29:42
2026-09-08,CNY-2027-after,TYO,151,OK,23,23,5355,UO628,5355,UO628,4,,2026-09-08 00:29:42
2026-09-08,CNY-2027-after,SDJ,151,OK,2,2,8333,UO890,8333,UO890,0,,2026-09-08 00:29:42
2026-09-08,CNY-2027-after,CTS,151,OK,10,4,8266,NH812>NH79,15358,HB880,4,1 offers dropped by whitelist,2026-09-08 00:29:42
2026-09-08,CNY-2027-after,AKJ,151,NO_RESULT,0,0,,,,,0,,2026-09-08 00:29:42
2026-09-08,CNY-2027-after,HKD,151,OK,8,0,8272,NH812>NH559,,,0,2 offers dropped by whitelist,2026-09-08 00:29:42
2026-09-09,XMAS-2026,TYO,102,ERROR,0,0,,,,,0,ParseShapeError: Google returned an error page,2026-09-09 00:21:01
2026-09-09,XMAS-2026,SDJ,102,OK,1,1,7293,UO890,7293,UO890,0,,2026-09-09 00:21:01
2026-09-09,XMAS-2026,CTS,102,OK,9,5,8382,KE2012>KE769,8680,HB2886,4,,2026-09-09 00:21:01
2026-09-09,XMAS-2026,AKJ,102,NO_RESULT,0,0,,,,,0,,2026-09-09 00:21:01
2026-09-09,XMAS-2026,HKD,102,NO_RESULT,0,0,,,,,0,,2026-09-09 00:21:01
2026-09-09,CNY-2027-before,TYO,143,OK,23,23,3056,UO646,3056,UO646,4,,2026-09-09 00:21:01
2026-09-09,CNY-2027-before,SDJ,143,OK,1,1,3653,UO890,3653,UO890,0,,2026-09-09 00:21:01
2026-09-09,CNY-2027-before,CTS,143,OK,12,4,4543,NH814>NH753>NH1173,6830,HB880,4,1 offers dropped by whitelist,2026-09-09 00:21:01
2026-09-09,CNY-2027-before,AKJ,143,NO_RESULT,0,0,,,,,0,,2026-09-09 00:21:01
2026-09-09,CNY-2027-before,HKD,143,OK,7,0,4595,NH814>NH553,,,1,2 offers dropped by whitelist,2026-09-09 00:21:01
2026-09-09,CNY-2027-after,TYO,150,OK,23,23,5386,UO650,5386,UO650,4,,2026-09-09 00:21:01
2026-09-09,CNY-2027-after,SDJ,150,OK,2,2,8333,UO890,8333,UO890,0,,2026-09-09 00:21:01
2026-09-09,CNY-2027-after,CTS,150,OK,10,4,8281,NH812>NH79,15360,HB880,4,2 offers dropped by whitelist,2026-09-09 00:21:01
2026-09-09,CNY-2027-after,AKJ,150,NO_RESULT,0,0,,,,,0,,2026-09-09 00:21:01
2026-09-09,CNY-2027-after,HKD,150,OK,8,0,8275,NH812>NH559,,,0,2 offers dropped by whitelist,2026-09-09 00:21:01
2026-09-09,XMAS-2026,TYO,102,OK,23,23,4416,UO650,4416,UO650,4,,2026-09-09 06:05:09
2026-09-09,XMAS-2026,SDJ,102,OK,1,1,6303,UO890,6303,UO890,0,,2026-09-09 06:05:09
2026-09-09,XMAS-2026,CTS,102,OK,9,5,8382,KE2012>KE769,8680,HB2886,4,,2026-09-09 06:05:09
2026-09-09,XMAS-2026,AKJ,102,NO_RESULT,0,0,,,,,0,,2026-09-09 06:05:09
2026-09-09,XMAS-2026,HKD,102,NO_RESULT,0,0,,,,,0,,2026-09-09 06:05:09
2026-09-09,CNY-2027-before,TYO,143,OK,23,23,3056,UO646,3056,UO646,4,,2026-09-09 06:05:09
2026-09-09,CNY-2027-before,SDJ,143,OK,1,1,3653,UO890,3653,UO890,0,,2026-09-09 06:05:09
2026-09-09,CNY-2027-before,CTS,143,OK,10,4,4986,NH814>NH2153,6830,HB880,4,1 offers dropped by whitelist,2026-09-09 06:05:09
2026-09-09,CNY-2027-before,AKJ,143,NO_RESULT,0,0,,,,,0,,2026-09-09 06:05:09
2026-09-09,CNY-2027-before,HKD,143,OK,7,0,4595,NH814>NH553,,,1,2 offers dropped by whitelist,2026-09-09 06:05:09
2026-09-09,CNY-2027-after,TYO,150,OK,23,23,5386,UO652,5386,UO652,4,,2026-09-09 06:05:09
2026-09-09,CNY-2027-after,SDJ,150,OK,2,2,8333,UO890,8333,UO890,0,,2026-09-09 06:05:09
2026-09-09,CNY-2027-after,CTS,150,OK,11,4,8847,JL28>JL519,15360,HB880,4,,2026-09-09 06:05:09
2026-09-09,CNY-2027-after,AKJ,150,NO_RESULT,0,0,,,,,0,,2026-09-09 06:05:09
2026-09-09,CNY-2027-after,HKD,150,OK,8,0,8275,NH812>NH559,,,0,2 offers dropped by whitelist,2026-09-09 06:05:09
2026-09-09,XMAS-2026,TYO,102,OK,23,23,4416,UO650,4416,UO650,4,,2026-09-09 09:00:27
2026-09-09,XMAS-2026,SDJ,102,OK,1,1,6303,UO890,6303,UO890,0,,2026-09-09 09:00:27
2026-09-09,XMAS-2026,CTS,102,ERROR,0,5,,,8680,HB2886,2,ParseShapeError: Google returned an error page,2026-09-09 09:00:27
2026-09-09,XMAS-2026,AKJ,102,NO_RESULT,0,0,,,,,0,,2026-09-09 09:00:27
2026-09-09,XMAS-2026,HKD,102,NO_RESULT,0,0,,,,,0,,2026-09-09 09:00:27
2026-09-09,CNY-2027-before,TYO,143,OK,23,23,3056,UO646,3056,UO646,4,,2026-09-09 09:00:27
2026-09-09,CNY-2027-before,SDJ,143,OK,1,1,3653,UO890,3653,UO890,0,,2026-09-09 09:00:27
2026-09-09,CNY-2027-before,CTS,143,OK,11,4,4543,NH814>NH753>NH1175,6830,HB880,4,,2026-09-09 09:00:27
2026-09-09,CNY-2027-before,AKJ,143,NO_RESULT,0,0,,,,,0,,2026-09-09 09:00:27
2026-09-09,CNY-2027-before,HKD,143,OK,7,0,4595,NH814>NH553,,,1,2 offers dropped by whitelist,2026-09-09 09:00:27
2026-09-09,CNY-2027-after,TYO,150,OK,23,23,5386,UO652,5386,UO652,4,,2026-09-09 09:00:27
2026-09-09,CNY-2027-after,SDJ,150,OK,2,2,8333,UO890,8333,UO890,0,,2026-09-09 09:00:27
2026-09-09,CNY-2027-after,CTS,150,OK,11,4,8847,JL26>JL501,15360,HB880,4,,2026-09-09 09:00:27
2026-09-09,CNY-2027-after,AKJ,150,NO_RESULT,0,0,,,,,0,,2026-09-09 09:00:27
2026-09-09,CNY-2027-after,HKD,150,OK,8,0,8275,NH812>NH559,,,0,2 offers dropped by whitelist,2026-09-09 09:00:27
2026-09-10,XMAS-2026,TYO,101,OK,23,23,4416,UO650,4416,UO650,4,,2026-09-10 00:19:11
2026-09-10,XMAS-2026,SDJ,101,OK,1,1,6303,UO890,6303,UO890,0,,2026-09-10 00:19:11
2026-09-10,XMAS-2026,CTS,101,OK,9,5,8385,KE2012>KE769,8683,HB2886,4,,2026-09-10 00:19:11
2026-09-10,XMAS-2026,AKJ,101,NO_RESULT,0,0,,,,,0,,2026-09-10 00:19:11
2026-09-10,XMAS-2026,HKD,101,NO_RESULT,0,0,,,,,0,,2026-09-10 00:19:11
2026-09-10,CNY-2027-before,TYO,142,OK,23,23,3056,UO646,3056,UO646,4,,2026-09-10 00:19:11
2026-09-10,CNY-2027-before,SDJ,142,OK,1,1,3903,UO890,3903,UO890,0,,2026-09-10 00:19:11
2026-09-10,CNY-2027-before,CTS,142,OK,12,4,4635,NH814>NH553>NH4858,6833,HB880,4,,2026-09-10 00:19:11
2026-09-10,CNY-2027-before,AKJ,142,OK,6,0,7629,JL28>JL551,,,0,5 offers dropped by whitelist,2026-09-10 00:19:11
2026-09-10,CNY-2027-before,HKD,142,OK,7,0,4597,NH814>NH553,,,1,2 offers dropped by whitelist,2026-09-10 00:19:11
2026-09-10,CNY-2027-after,TYO,149,OK,23,23,5386,UO652,5386,UO652,4,,2026-09-10 00:19:11
2026-09-10,CNY-2027-after,SDJ,149,OK,2,2,8333,UO890,8333,UO890,0,,2026-09-10 00:19:11
2026-09-10,CNY-2027-after,CTS,149,OK,9,4,8984,NH812>NH79,15363,HB880,4,,2026-09-10 00:19:11
2026-09-10,CNY-2027-after,AKJ,149,NO_RESULT,0,0,,,,,0,,2026-09-10 00:19:11
2026-09-10,CNY-2027-after,HKD,149,OK,8,0,8277,NH812>NH559,,,0,2 offers dropped by whitelist,2026-09-10 00:19:11
2026-09-11,XMAS-2026,TYO,100,OK,23,23,4335,UO628,4335,UO628,4,,2026-09-11 00:14:22
2026-09-11,XMAS-2026,SDJ,100,OK,1,1,6303,UO890,6303,UO890,0,,2026-09-11 00:14:22
2026-09-11,XMAS-2026,CTS,100,OK,9,5,8387,KE2012>KE769,8685,HB2886,4,,2026-09-11 00:14:22
2026-09-11,XMAS-2026,AKJ,100,NO_RESULT,0,0,,,,,0,,2026-09-11 00:14:22
2026-09-11,XMAS-2026,HKD,100,NO_RESULT,0,0,,,,,0,,2026-09-11 00:14:22
2026-09-11,CNY-2027-before,TYO,141,OK,23,23,3256,UO854,3256,UO854,4,,2026-09-11 00:14:22
2026-09-11,CNY-2027-before,SDJ,141,OK,1,1,4253,UO890,4253,UO890,0,,2026-09-11 00:14:22
2026-09-11,CNY-2027-before,CTS,141,OK,11,4,4553,NH814>NH753>NH1175,6835,HB880,4,1 offers dropped by whitelist,2026-09-11 00:14:22
2026-09-11,CNY-2027-before,AKJ,141,OK,6,0,7629,JL28>JL551,,,0,5 offers dropped by whitelist,2026-09-11 00:14:22
2026-09-11,CNY-2027-before,HKD,141,OK,7,0,5298,NH814>NH553,,,1,2 offers dropped by whitelist,2026-09-11 00:14:22
2026-09-11,CNY-2027-after,TYO,148,OK,23,23,5386,UO652,5386,UO652,4,,2026-09-11 00:14:22
2026-09-11,CNY-2027-after,SDJ,148,OK,2,2,8333,UO890,8333,UO890,0,,2026-09-11 00:14:22
2026-09-11,CNY-2027-after,CTS,148,OK,10,4,8850,JL26>JL501,15365,HB880,4,,2026-09-11 00:14:22
2026-09-11,CNY-2027-after,AKJ,148,NO_RESULT,0,0,,,,,0,,2026-09-11 00:14:22
2026-09-11,CNY-2027-after,HKD,148,OK,8,0,8278,NH812>NH559,,,0,2 offers dropped by whitelist,2026-09-11 00:14:22
2026-09-12,XMAS-2026,TYO,99,OK,23,23,4335,UO628,4335,UO628,4,,2026-09-12 00:22:12
2026-09-12,XMAS-2026,SDJ,99,OK,1,1,6303,UO890,6303,UO890,0,,2026-09-12 00:22:12
2026-09-12,XMAS-2026,CTS,99,OK,8,5,8385,KE2012>KE769,8683,HB2886,4,,2026-09-12 00:22:12
2026-09-12,XMAS-2026,AKJ,99,NO_RESULT,0,0,,,,,0,,2026-09-12 00:22:12
2026-09-12,XMAS-2026,HKD,99,NO_RESULT,0,0,,,,,0,,2026-09-12 00:22:12
2026-09-12,CNY-2027-before,TYO,140,OK,23,23,3256,UO854,3256,UO854,4,,2026-09-12 00:22:12
2026-09-12,CNY-2027-before,SDJ,140,OK,1,1,4453,UO890,4453,UO890,0,,2026-09-12 00:22:12
2026-09-12,CNY-2027-before,CTS,140,OK,11,4,4591,NH814>NH315>NH1181,6833,HB880,4,1 offers dropped by whitelist,2026-09-12 00:22:12
2026-09-12,CNY-2027-before,AKJ,140,OK,6,0,7629,JL28>JL551,,,0,4 offers dropped by whitelist,2026-09-12 00:22:12
2026-09-12,CNY-2027-before,HKD,140,OK,9,0,4597,NH814>NH559,,,1,2 offers dropped by whitelist,2026-09-12 00:22:12
2026-09-12,CNY-2027-after,TYO,147,OK,23,23,5386,UO652,5386,UO652,4,,2026-09-12 00:22:12
2026-09-12,CNY-2027-after,SDJ,147,OK,2,2,8333,UO890,8333,UO890,0,,2026-09-12 00:22:12
2026-09-12,CNY-2027-after,CTS,147,OK,9,4,7919,JL26>JL501,15363,HB880,4,,2026-09-12 00:22:12
2026-09-12,CNY-2027-after,AKJ,147,NO_RESULT,0,0,,,,,0,,2026-09-12 00:22:12
2026-09-12,CNY-2027-after,HKD,147,OK,9,0,9135,JL26>JL585,,,0,1 offers dropped by whitelist,2026-09-12 00:22:12
2026-09-13,XMAS-2026,TYO,98,OK,23,23,4335,UO628,4335,UO628,4,,2026-09-13 00:02:52
2026-09-13,XMAS-2026,SDJ,98,OK,1,1,5503,UO890,5503,UO890,0,,2026-09-13 00:02:52
2026-09-13,XMAS-2026,CTS,98,OK,9,5,8385,KE2012>KE769,8683,HB2886,4,1 offers dropped by whitelist,2026-09-13 00:02:52
2026-09-13,XMAS-2026,AKJ,98,NO_RESULT,0,0,,,,,0,,2026-09-13 00:02:52
2026-09-13,XMAS-2026,HKD,98,NO_RESULT,0,0,,,,,0,,2026-09-13 00:02:52
2026-09-13,CNY-2027-before,TYO,139,OK,23,23,3256,UO854,3256,UO854,4,,2026-09-13 00:02:52
2026-09-13,CNY-2027-before,SDJ,139,OK,1,1,3903,UO890,3903,UO890,0,,2026-09-13 00:02:52
2026-09-13,CNY-2027-before,CTS,139,OK,11,4,4591,NH814>NH753>NH1175,6833,HB880,4,1 offers dropped by whitelist,2026-09-13 00:02:52
2026-09-13,CNY-2027-before,AKJ,139,OK,7,0,7629,JL28>JL551,,,0,3 offers dropped by whitelist,2026-09-13 00:02:52
2026-09-13,CNY-2027-before,HKD,139,OK,9,0,4597,NH814>NH559,,,1,2 offers dropped by whitelist,2026-09-13 00:02:52
2026-09-13,CNY-2027-after,TYO,146,OK,23,23,5605,UO628,5605,UO628,4,,2026-09-13 00:02:52
2026-09-13,CNY-2027-after,SDJ,146,OK,1,1,7153,UO890,7153,UO890,0,,2026-09-13 00:02:52
2026-09-13,CNY-2027-after,CTS,146,OK,9,4,8721,NH812>NH79,15363,HB880,4,1 offers dropped by whitelist,2026-09-13 00:02:52
2026-09-13,CNY-2027-after,AKJ,146,NO_RESULT,0,0,,,,,0,,2026-09-13 00:02:52
2026-09-13,CNY-2027-after,HKD,146,OK,8,0,7925,JL26>JL585,,,0,2 offers dropped by whitelist,2026-09-13 00:02:52
2026-09-14,XMAS-2026,TYO,97,OK,23,23,4535,UO628,4535,UO628,4,,2026-09-14 00:15:40
2026-09-14,XMAS-2026,SDJ,97,OK,1,1,5953,UO890,5953,UO890,0,,2026-09-14 00:15:40
2026-09-14,XMAS-2026,CTS,97,OK,9,5,8385,KE2012>KE769,8683,HB2886,4,1 offers dropped by whitelist,2026-09-14 00:15:40
2026-09-14,XMAS-2026,AKJ,97,NO_RESULT,0,0,,,,,0,,2026-09-14 00:15:40
2026-09-14,XMAS-2026,HKD,97,NO_RESULT,0,0,,,,,0,,2026-09-14 00:15:40
2026-09-14,CNY-2027-before,TYO,138,OK,23,23,3256,UO854,3256,UO854,4,,2026-09-14 00:15:40
2026-09-14,CNY-2027-before,SDJ,138,OK,1,1,3903,UO890,3903,UO890,0,,2026-09-14 00:15:40
2026-09-14,CNY-2027-before,CTS,138,OK,10,4,4591,NH814>NH315>NH1181,6833,HB880,4,1 offers dropped by whitelist,2026-09-14 00:15:40
2026-09-14,CNY-2027-before,AKJ,138,OK,7,0,7629,JL28>JL551,,,0,3 offers dropped by whitelist,2026-09-14 00:15:40
2026-09-14,CNY-2027-before,HKD,138,OK,7,0,5297,NH814>NH559,,,1,2 offers dropped by whitelist,2026-09-14 00:15:40
2026-09-14,CNY-2027-after,TYO,145,OK,23,23,5605,UO628,5605,UO628,4,,2026-09-14 00:15:40
2026-09-14,CNY-2027-after,SDJ,145,OK,1,1,7743,UO890,7743,UO890,0,,2026-09-14 00:15:40
2026-09-14,CNY-2027-after,CTS,145,OK,8,4,9041,NH812>NH79,15363,HB880,4,2 offers dropped by whitelist,2026-09-14 00:15:40
2026-09-14,CNY-2027-after,AKJ,145,NO_RESULT,0,0,,,,,0,,2026-09-14 00:15:40
2026-09-14,CNY-2027-after,HKD,145,OK,9,0,8882,CX526>JL589,,,0,2 offers dropped by whitelist,2026-09-14 00:15:40
2026-09-15,XMAS-2026,TYO,96,OK,23,23,4735,UO628,4735,UO628,4,,2026-09-15 00:41:41
2026-09-15,XMAS-2026,SDJ,96,OK,1,1,6303,UO890,6303,UO890,0,,2026-09-15 00:41:41
2026-09-15,XMAS-2026,CTS,96,OK,8,5,8387,KE2012>KE769,8685,HB2886,4,1 offers dropped by whitelist,2026-09-15 00:41:41
2026-09-15,XMAS-2026,AKJ,96,NO_RESULT,0,0,,,,,0,,2026-09-15 00:41:41
2026-09-15,XMAS-2026,HKD,96,NO_RESULT,0,0,,,,,0,,2026-09-15 00:41:41
2026-09-15,CNY-2027-before,TYO,137,OK,23,23,3256,UO854,3256,UO854,4,,2026-09-15 00:41:41
2026-09-15,CNY-2027-before,SDJ,137,OK,1,1,3903,UO890,3903,UO890,0,,2026-09-15 00:41:41
2026-09-15,CNY-2027-before,CTS,137,OK,9,4,5407,KE2012>KE765,6835,HB880,4,,2026-09-15 00:41:41
2026-09-15,CNY-2027-before,AKJ,137,OK,7,0,7630,JL28>JL551,,,0,4 offers dropped by whitelist,2026-09-15 00:41:41
2026-09-15,CNY-2027-before,HKD,137,OK,7,0,5009,NH814>NH559,,,1,3 offers dropped by whitelist,2026-09-15 00:41:41
2026-09-15,CNY-2027-after,TYO,144,OK,22,22,5605,UO628,5605,UO628,4,,2026-09-15 00:41:41
2026-09-15,CNY-2027-after,SDJ,144,OK,2,2,8333,UO890,8333,UO890,0,,2026-09-15 00:41:41
2026-09-15,CNY-2027-after,CTS,144,OK,9,4,9130,JL26>JL501,15365,HB880,4,1 offers dropped by whitelist,2026-09-15 00:41:41
2026-09-15,CNY-2027-after,AKJ,144,NO_RESULT,0,0,,,,,0,,2026-09-15 00:41:41
2026-09-15,CNY-2027-after,HKD,144,OK,9,0,8883,CX526>JL589,,,0,2 offers dropped by whitelist,2026-09-15 00:41:41
2026-09-16,XMAS-2026,TYO,95,OK,23,23,4735,UO628,4735,UO628,4,,2026-09-16 00:28:23
2026-09-16,XMAS-2026,SDJ,95,OK,1,1,6303,UO890,6303,UO890,0,,2026-09-16 00:28:23
2026-09-16,XMAS-2026,CTS,95,OK,9,5,8384,KE2012>KE769,8682,HB2886,4,1 offers dropped by whitelist,2026-09-16 00:28:23
2026-09-16,XMAS-2026,AKJ,95,NO_RESULT,0,0,,,,,0,,2026-09-16 00:28:23
2026-09-16,XMAS-2026,HKD,95,NO_RESULT,0,0,,,,,0,,2026-09-16 00:28:23
2026-09-16,CNY-2027-before,TYO,136,OK,23,23,3256,UO854,3256,UO854,4,,2026-09-16 00:28:23
2026-09-16,CNY-2027-before,SDJ,136,OK,1,1,3903,UO890,3903,UO890,0,,2026-09-16 00:28:23
2026-09-16,CNY-2027-before,CTS,136,OK,9,4,5154,KE2012>KE765,6832,HB880,4,,2026-09-16 00:28:23
2026-09-16,CNY-2027-before,AKJ,136,OK,7,0,7630,JL28>JL551,,,0,4 offers dropped by whitelist,2026-09-16 00:28:23
2026-09-16,CNY-2027-before,HKD,136,OK,7,0,6346,NH814>NH553,,,1,2 offers dropped by whitelist,2026-09-16 00:28:23
2026-09-16,CNY-2027-after,TYO,143,OK,23,23,5605,UO628,5605,UO628,4,,2026-09-16 00:28:23
2026-09-16,CNY-2027-after,SDJ,143,OK,2,2,8333,UO890,8333,UO890,0,,2026-09-16 00:28:23
2026-09-16,CNY-2027-after,CTS,143,OK,10,4,7918,JL26>JL501,15362,HB880,4,1 offers dropped by whitelist,2026-09-16 00:28:23
2026-09-16,CNY-2027-after,AKJ,143,NO_RESULT,0,0,,,,,0,,2026-09-16 00:28:23
2026-09-16,CNY-2027-after,HKD,143,OK,9,0,8881,CX526>JL589,,,0,2 offers dropped by whitelist,2026-09-16 00:28:23
2026-09-17,XMAS-2026,TYO,94,OK,23,23,4735,UO628,4735,UO628,4,,2026-09-17 00:38:13
2026-09-17,XMAS-2026,SDJ,94,OK,1,1,6723,UO890,6723,UO890,0,,2026-09-17 00:38:13
2026-09-17,XMAS-2026,CTS,94,OK,7,5,8380,KE2012>KE769,8680,HB2886,4,1 offers dropped by whitelist,2026-09-17 00:38:13
2026-09-17,XMAS-2026,AKJ,94,NO_RESULT,0,0,,,,,0,,2026-09-17 00:38:13
2026-09-17,XMAS-2026,HKD,94,NO_RESULT,0,0,,,,,0,,2026-09-17 00:38:13
2026-09-17,CNY-2027-before,TYO,135,OK,23,23,3256,UO646,3256,UO646,4,,2026-09-17 00:38:13
2026-09-17,CNY-2027-before,SDJ,135,OK,1,1,3923,UO890,3923,UO890,0,,2026-09-17 00:38:13
2026-09-17,CNY-2027-before,CTS,135,OK,9,4,5450,KE2012>KE765,6830,HB880,4,,2026-09-17 00:38:13
2026-09-17,CNY-2027-before,AKJ,135,OK,7,0,7630,JL28>JL551,,,0,4 offers dropped by whitelist,2026-09-17 00:38:13
2026-09-17,CNY-2027-before,HKD,135,OK,8,0,5745,NH814>NH559,,,1,2 offers dropped by whitelist,2026-09-17 00:38:13
2026-09-17,CNY-2027-after,TYO,142,OK,23,23,5625,UO628,5625,UO628,4,,2026-09-17 00:38:13
2026-09-17,CNY-2027-after,SDJ,142,OK,2,2,8353,UO890,8353,UO890,0,,2026-09-17 00:38:13
2026-09-17,CNY-2027-after,CTS,142,OK,10,4,8719,NH812>NH79,15360,HB880,4,1 offers dropped by whitelist,2026-09-17 00:38:13
2026-09-17,CNY-2027-after,AKJ,142,OK,6,0,8667,JL26>JL551,,,0,3 offers dropped by whitelist,2026-09-17 00:38:13
2026-09-17,CNY-2027-after,HKD,142,OK,8,0,8725,NH860>NH553,,,0,2 offers dropped by whitelist,2026-09-17 00:38:13
